date,open,high,low,close,volume,adj_close
2020-02-10,13.2,13.43,12.88,13.0,738005.0,13.0
2020-02-11,13.75,13.75,12.51,12.75,2963503.0,12.75
2020-02-12,12.74,13.15,12.5,12.5,1178314.0,12.5
2020-02-13,12.66,12.91,12.45,12.67,1863787.0,12.67
2020-02-14,13.1,13.18,12.8,13.0,2181960.0,13.0
2020-02-18,13.0,13.5,13.0,13.34,3368475.0,13.34
2020-02-19,13.45,13.5,13.34,13.46,1836379.0,13.46
2020-02-20,13.41,13.5,12.9,13.0,2198959.0,13.0
2020-02-21,13.34,13.34,12.7,12.85,2137084.0,12.85
2020-02-24,12.09,12.77,12.09,12.69,2670249.0,12.69
2020-02-25,12.84,13.07,12.2,12.5,3332867.0,12.5
2020-02-26,12.88,12.95,12.23,12.32,2051492.0,12.32
2020-02-27,12.2,12.57,11.65,11.84,3491181.0,11.84
2020-02-28,11.39,12.0,11.11,11.79,2809951.0,11.79
2020-03-02,11.8,11.94,11.24,11.76,1710006.0,11.76
2020-03-03,11.9,11.91,10.87,11.14,3235456.0,11.14
2020-03-04,11.35,11.63,11.07,11.24,3358019.0,11.24
2020-03-05,11.12,11.12,10.47,10.49,3424893.0,10.49
2020-03-06,10.31,10.34,9.59,10.0,3305505.0,10.0
2020-03-09,8.5,10.9,8.5,9.95,3629621.0,9.95
2020-03-10,10.09,11.35,10.03,11.1,3061764.0,11.1
2020-03-11,10.67,10.95,10.25,10.65,2294058.0,10.65
2020-03-12,10.22,10.4,8.62,8.7,4272838.0,8.7
2020-03-13,9.2,9.67,8.05,8.9,4997566.0,8.9
2020-03-16,7.89,7.89,6.7,7.73,5696068.0,7.73
2020-03-17,7.8,7.8,6.5,7.25,2917709.0,7.25
2020-03-18,6.75,6.76,5.0,5.57,5092456.0,5.57
2020-03-19,5.65,7.12,4.75,6.76,3926032.0,6.76
2020-03-20,6.66,7.4,6.65,7.36,3384063.0,7.36
2020-03-23,7.12,7.34,6.01,6.76,3538381.0,6.76
2020-03-24,7.11,7.68,7.09,7.68,3402957.0,7.68
2020-03-25,7.7,9.15,7.29,8.92,1863678.0,8.92
2020-03-26,8.65,9.0,8.58,8.88,2393641.0,8.88
2020-03-27,8.48,8.48,7.74,8.22,2577767.0,8.22
2020-03-30,8.19,8.34,7.99,8.14,1332676.0,8.14
2020-03-31,8.02,8.71,7.81,8.65,1628753.0,8.65
2020-04-01,8.54,8.64,7.91,8.07,2206309.0,8.07
2020-04-02,8.06,8.41,7.92,8.13,1339208.0,8.13
2020-04-03,8.1,8.17,7.66,7.9,1483071.0,7.9
2020-04-06,8.08,8.76,8.05,8.6,1415926.0,8.6
2020-04-07,9.02,9.28,8.1,8.14,1974679.0,8.14
2020-04-08,8.23,8.73,8.19,8.5,1550591.0,8.5
2020-04-09,8.8,9.36,8.75,9.19,2207526.0,9.19
2020-04-13,8.97,9.76,8.95,9.65,2202695.0,9.65
2020-04-14,9.72,10.37,9.72,9.88,2254348.0,9.88
2020-04-15,9.7,10.02,9.24,9.72,1091608.0,9.72
2020-04-16,9.77,10.15,9.67,10.0,1551075.0,10.0
2020-04-17,10.33,10.6,10.08,10.28,2105732.0,10.28
2020-04-20,10.13,10.6,9.85,10.26,865774.0,10.26
2020-04-21,10.08,10.32,9.76,9.98,2111253.0,9.98
2020-04-22,10.12,10.35,9.84,10.0,1884469.0,10.0
2020-04-23,10.01,10.38,9.87,10.09,981040.0,10.09
2020-04-24,10.23,10.47,10.04,10.26,753698.0,10.26
2020-04-27,10.4,10.57,10.21,10.37,1096789.0,10.37
2020-04-28,10.5,10.81,10.1,10.45,1191953.0,10.45
2020-04-29,10.71,10.86,10.5,10.65,1242380.0,10.65
2020-04-30,10.63,10.84,10.06,10.59,1567048.0,10.59
2020-05-01,10.42,10.59,9.82,10.29,2055298.0,10.29
2020-05-04,10.4,10.4,9.98,10.09,1527421.0,10.09
2020-05-05,10.13,10.5,10.1,10.4,2763663.0,10.4
2020-05-06,9.85,10.87,9.72,10.65,4518485.0,10.65
2020-05-07,11.03,11.36,10.79,10.87,2720542.0,10.87
2020-05-08,10.96,11.4,10.9,11.01,2308560.0,11.01
2020-05-11,11.23,11.8,11.06,11.54,2556448.0,11.54
2020-05-12,11.64,11.8,11.48,11.56,1971722.0,11.56
2020-05-13,11.53,11.65,11.07,11.24,2782986.0,11.24
2020-05-14,11.07,11.64,10.75,11.59,1927100.0,11.59
2020-05-15,11.5,11.63,11.28,11.45,1591749.0,11.45
2020-05-18,11.75,12.25,11.44,11.71,2161805.0,11.71
2020-05-19,11.69,12.18,11.65,11.75,1527600.0,11.75
2020-05-20,12.0,12.44,11.96,11.97,2236488.0,11.97
2020-05-21,12.01,12.3,11.77,12.02,2635358.0,12.02
2020-05-22,12.06,12.18,11.98,12.07,2370674.0,12.07
2020-05-26,12.47,12.58,12.21,12.49,3573417.0,12.49
2020-05-27,12.75,12.75,12.31,12.45,3815187.0,12.45
2020-05-28,12.55,12.8,12.25,12.55,1189082.0,12.55
2020-05-29,12.43,12.83,12.12,12.73,3242438.0,12.73
2020-06-01,12.75,13.61,12.73,13.31,2224666.0,13.31
2020-06-02,13.27,13.66,13.1,13.47,2440443.0,13.47
2020-06-03,13.6,14.01,13.44,13.92,2661900.0,13.92
2020-06-04,13.7,14.07,13.47,13.64,2451918.0,13.64
2020-06-05,13.96,14.42,13.68,14.0,2637985.0,14.0
2020-06-08,14.23,15.03,14.05,14.86,7791451.0,14.86
2020-06-09,14.69,15.05,14.16,14.22,2446156.0,14.22
2020-06-10,14.28,14.54,14.08,14.22,2268671.0,14.22
2020-06-11,13.78,14.02,13.44,13.54,2480528.0,13.54
2020-06-12,13.95,14.55,13.9,14.26,2562201.0,14.26
2020-06-15,13.96,14.32,13.87,14.24,2419584.0,14.24
2020-06-16,14.54,14.84,14.33,14.49,2556448.0,14.49
2020-06-17,14.61,14.61,13.93,14.16,4404759.0,14.16
2020-06-18,14.02,14.44,14.02,14.27,5284365.0,14.27
2020-06-19,14.34,14.47,13.76,13.82,5114572.0,13.82
2020-06-22,13.78,13.9,13.16,13.48,7418154.0,13.48
2020-06-23,13.77,14.01,13.43,13.58,7218315.0,13.58
2020-06-24,13.48,13.66,13.04,13.19,2230433.0,13.19
2020-06-25,13.19,13.27,12.67,12.98,2936838.0,12.98
2020-06-26,13.01,13.16,12.09,12.27,16064141.0,12.27
2020-06-29,12.42,13.11,12.11,13.11,2720743.0,13.11
2020-06-30,13.14,13.64,12.79,13.56,3386549.0,13.56
2020-07-01,13.5,14.04,13.37,13.97,3588975.0,13.97
2020-07-02,14.17,14.17,13.91,14.07,2013073.0,14.07
2020-07-06,14.29,14.35,13.88,13.97,1592654.0,13.97
2020-07-07,13.93,13.93,13.51,13.62,2169265.0,13.62
2020-07-08,13.61,13.97,13.61,13.83,3022713.0,13.83
2020-07-09,13.82,14.0,13.47,13.88,2176355.0,13.88
2020-07-10,13.92,14.01,13.68,13.9,1746889.0,13.9
2020-07-13,14.0,14.02,13.41,13.54,3102151.0,13.54
2020-07-14,13.45,13.89,13.45,13.85,1694500.0,13.85
2020-07-15,14.0,14.02,13.9,14.0,3458901.0,14.0
2020-07-16,13.95,14.05,13.82,13.88,1537390.0,13.88
2020-07-17,13.94,14.33,13.91,14.24,2682811.0,14.24
2020-07-20,14.41,14.57,13.94,13.99,1466693.0,13.99
2020-07-21,14.02,14.12,13.84,13.88,1519140.0,13.88
2020-07-22,13.85,13.85,13.54,13.76,2370209.0,13.76
2020-07-23,13.74,13.89,13.51,13.56,2122804.0,13.56
2020-07-24,13.5,13.58,13.21,13.58,1550890.0,13.58
2020-07-27,13.56,13.69,13.45,13.66,947924.0,13.66
2020-07-28,13.54,13.73,13.51,13.55,1183901.0,13.55
2020-07-29,13.61,14.02,13.61,14.0,1137464.0,14.0
2020-07-30,13.78,14.29,13.7,14.25,1261557.0,14.25
2020-07-31,14.3,14.57,14.07,14.5,1462089.0,14.5
2020-08-03,14.66,15.1,14.65,15.01,3192639.0,15.01
2020-08-04,15.24,15.55,14.83,15.2,2256114.0,15.2
2020-08-05,16.71,17.23,16.43,16.89,4648771.0,16.89
2020-08-06,16.95,16.99,16.1,16.42,3011283.0,16.42
2020-08-07,16.43,16.77,16.38,16.49,1753209.0,16.49
2020-08-10,16.64,17.13,16.64,16.88,2350236.0,16.88
2020-08-11,17.08,17.11,16.69,16.77,2344406.0,16.77
2020-08-12,16.03,16.5,15.63,15.76,4877456.0,15.76
2020-08-13,16.43,16.71,16.1,16.66,12446485.0,16.66
2020-08-14,16.69,16.8,16.29,16.3,2871713.0,16.3
2020-08-17,16.32,16.43,15.75,15.75,4364857.0,15.75
2020-08-18,15.75,15.93,15.5,15.5,3634390.0,15.5
2020-08-19,15.5,15.8,15.42,15.68,3102811.0,15.68
2020-08-20,15.63,16.37,15.45,16.2,3072491.0,16.2
2020-08-21,16.08,16.18,15.9,15.91,4479150.0,15.91
2020-08-24,16.01,16.55,16.01,16.5,3710191.0,16.5
2020-08-25,16.53,17.04,16.53,16.92,2553824.0,16.92
2020-08-26,16.87,17.05,16.57,16.74,1933022.0,16.74
2020-08-27,16.78,16.97,16.42,16.75,1988381.0,16.75
2020-08-28,16.91,17.06,16.45,16.5,1167120.0,16.5
2020-08-31,16.56,16.69,16.01,16.23,1802690.0,16.23
2020-09-01,16.23,16.69,16.06,16.44,1393554.0,16.44
2020-09-02,16.5,16.68,16.23,16.64,1696139.0,16.64
2020-09-03,16.51,16.59,15.77,15.96,2272461.0,15.96
2020-09-04,16.0,16.35,15.5,16.1,2199480.0,16.1
2020-09-08,16.21,16.66,15.89,16.35,2792908.0,16.35
2020-09-09,16.43,16.99,16.43,16.85,2324876.0,16.85
2020-09-10,17.09,17.46,16.8,16.91,2899772.0,16.91
2020-09-11,17.01,17.21,16.73,16.95,1451246.0,16.95
2020-09-14,17.2,17.59,17.14,17.54,2518236.0,17.54
2020-09-15,18.0,18.0,17.52,17.66,2277396.0,17.66
2020-09-16,17.7,17.94,17.57,17.58,2338879.0,17.58
2020-09-17,17.38,17.83,17.2,17.4,2589615.0,17.4
2020-09-18,17.52,17.77,17.39,17.61,11179647.0,17.61
2020-09-21,17.23,17.28,16.75,16.95,3094368.0,16.95
2020-09-22,17.08,17.19,16.68,16.97,1667677.0,16.97
2020-09-23,16.97,17.04,16.45,16.73,2038920.0,16.73
2020-09-24,16.63,16.82,16.29,16.64,1479659.0,16.64
2020-09-25,16.74,16.9,16.45,16.82,1291009.0,16.82
2020-09-28,17.11,17.21,16.77,16.97,1916458.0,16.97
2020-09-29,17.0,17.21,16.84,17.13,2273827.0,17.13
2020-09-30,17.08,17.53,17.03,17.32,2140643.0,17.32
2020-10-01,17.58,17.9,17.32,17.9,3281634.0,17.9
2020-10-02,17.26,18.04,17.24,17.59,2072488.0,17.59
2020-10-05,17.84,18.1,17.6,17.8,4075524.0,17.8
2020-10-06,17.88,18.2,17.68,17.84,2456238.0,17.84
2020-10-07,18.01,18.23,17.8,18.1,2521111.0,18.1
2020-10-08,18.24,18.4,18.0,18.14,1661541.0,18.14
2020-10-09,18.24,18.37,17.95,18.04,1036033.0,18.04
2020-10-12,18.17,18.25,17.84,17.98,1562093.0,17.98
2020-10-13,17.82,18.09,17.76,17.93,1520466.0,17.93
2020-10-14,18.43,18.64,18.2,18.31,2604821.0,18.31
2020-10-15,18.02,18.5,17.9,18.33,2096567.0,18.33
2020-10-16,18.5,18.59,18.3,18.34,3382432.0,18.34
2020-10-19,18.86,18.93,18.21,18.32,3165937.0,18.32
2020-10-20,18.36,18.84,18.34,18.51,1921166.0,18.51
2020-10-21,18.63,18.88,18.48,18.57,2029862.0,18.57
2020-10-22,18.63,19.08,18.6,19.05,2902152.0,19.05
2020-10-23,19.0,19.18,18.45,18.84,2237622.0,18.84
2020-10-26,18.62,18.65,18.04,18.17,3688438.0,18.17
2020-10-27,18.15,18.28,17.71,17.92,2148218.0,17.92
2020-10-28,17.54,17.9,17.5,17.6,1650832.0,17.6
2020-10-29,17.74,18.0,17.52,17.94,1506661.0,17.94
2020-10-30,17.84,18.01,17.32,17.65,2097124.0,17.65
2020-11-02,17.89,18.13,17.29,17.41,3679760.0,17.41
2020-11-03,17.62,17.91,17.27,17.6,2448034.0,17.6
2020-11-04,17.65,18.65,17.24,17.35,3916014.0,17.35
2020-11-05,17.93,18.1,17.21,17.28,2086197.0,17.28
2020-11-06,17.32,17.45,16.88,16.96,2642651.0,16.96
2020-11-09,17.87,17.98,16.85,16.9,3974592.0,16.9
2020-11-10,16.9,17.0,16.64,16.82,2996243.0,16.82
2020-11-11,16.96,17.35,16.82,17.35,1742425.0,17.35
2020-11-12,17.47,17.61,17.06,17.31,1934489.0,17.31
2020-11-13,17.97,18.2,17.65,17.99,16417783.0,17.99
2020-11-16,18.25,18.47,17.94,18.27,6663799.0,18.27
2020-11-17,18.17,18.63,18.11,18.41,3459954.0,18.41
2020-11-18,18.45,18.67,18.09,18.1,4944997.0,18.1
2020-11-19,18.19,18.66,18.01,18.54,2605768.0,18.54
2020-11-20,18.42,18.72,18.4,18.62,2086578.0,18.62
2020-11-23,18.8,19.0,18.71,18.97,2501690.0,18.97
2020-11-24,19.04,19.15,18.49,18.64,3199558.0,18.64
2020-11-25,18.54,18.91,18.29,18.83,1766638.0,18.83
2020-11-27,18.94,18.99,18.73,18.85,831245.0,18.85
2020-11-30,18.85,19.15,18.52,18.71,2224014.0,18.71
2020-12-01,18.77,19.41,18.56,19.39,6335568.0,19.39
2020-12-02,19.41,19.58,18.95,19.39,2584288.0,19.39
2020-12-03,19.4,19.75,19.09,19.24,3120000.0,19.24
2020-12-04,19.4,19.75,19.24,19.75,1927956.0,19.75
2020-12-07,19.79,19.79,19.2,19.39,2415657.0,19.39
2020-12-08,19.67,19.91,19.4,19.91,3607786.0,19.91
2020-12-09,20.04,20.14,18.75,18.92,4283835.0,18.92
2020-12-10,18.66,19.15,18.66,19.03,3212253.0,19.03
2020-12-11,19.0,19.41,18.95,18.98,3147190.0,18.98
2020-12-14,19.1,19.25,18.62,19.03,2983145.0,19.03
2020-12-15,19.22,19.26,18.93,19.0,2411082.0,19.0
2020-12-16,18.83,18.98,18.56,18.75,3401613.0,18.75
2020-12-17,18.86,19.47,18.72,19.28,4416147.0,19.28
2020-12-18,19.37,19.59,18.98,19.19,4474285.0,19.19
2020-12-21,18.95,19.2,18.88,19.01,2361876.0,19.01
2020-12-22,19.11,19.17,18.68,18.96,2289096.0,18.96
2020-12-23,19.05,19.11,18.89,19.0,1814873.0,19.0
2020-12-24,18.89,19.06,18.88,18.93,506062.0,18.93
2020-12-28,19.12,19.16,18.64,18.65,2069769.0,18.65
2020-12-29,18.72,18.78,18.41,18.5,1927689.0,18.5
2020-12-30,18.5,18.81,18.44,18.59,1942074.0,18.59
2020-12-31,18.65,18.81,18.47,18.67,1724305.0,18.67
2021-01-04,18.76,18.84,18.34,18.52,3548838.0,18.52
2021-01-05,18.46,18.65,18.09,18.15,3283460.0,18.15
2021-01-06,18.17,18.42,17.93,18.25,4894526.0,18.25
2021-01-07,18.54,18.65,18.1,18.27,3248195.0,18.27
2021-01-08,18.22,18.47,17.88,18.07,6195006.0,18.07
2021-01-11,17.97,18.36,17.95,18.08,3523174.0,18.08
2021-01-12,18.13,18.44,18.13,18.37,4936880.0,18.37
2021-01-13,18.39,18.7,18.14,18.69,5570359.0,18.69
2021-01-14,18.87,19.0,18.6,18.78,6251982.0,18.78
2021-01-15,18.63,19.56,18.63,19.51,4458392.0,19.51
2021-01-19,19.79,20.64,19.6,20.61,7240602.0,20.61
2021-01-20,21.15,21.49,20.62,20.79,10998695.0,20.79
2021-01-21,20.89,21.07,20.13,20.61,6646698.0,20.61
2021-01-22,20.53,20.68,19.85,20.01,3341146.0,20.01
2021-01-25,20.0,20.27,19.68,20.2,3258170.0,20.2
2021-01-26,20.46,20.96,20.46,20.71,4830748.0,20.71
2021-01-27,20.32,20.32,19.58,19.69,7543922.0,19.69
2021-01-28,19.86,20.2,19.37,20.02,4299137.0,20.02
2021-01-29,20.01,20.47,19.64,20.12,4961995.0,20.12
2021-02-01,20.42,20.63,19.91,20.14,4228277.0,20.14
2021-02-02,20.25,20.37,19.98,20.12,3230273.0,20.12
2021-02-03,20.15,20.35,19.56,20.09,2695598.0,20.09
2021-02-04,20.18,20.58,20.02,20.56,2044559.0,20.56
2021-02-05,20.7,21.18,20.61,20.9,2862101.0,20.9
2021-02-08,21.06,21.31,20.98,21.31,3150852.0,21.31
2021-02-09,21.28,21.4,20.87,20.9,1609627.0,20.9
2021-02-10,20.97,21.59,20.69,21.31,2409514.0,21.31
2021-02-11,21.47,22.43,20.98,21.16,2739771.0,21.16
2021-02-12,21.03,21.63,21.03,21.44,2935393.0,21.44
2021-02-16,21.6,21.7,21.11,21.3,3156794.0,21.3
2021-02-17,21.1,21.27,20.69,21.15,2536019.0,21.15
2021-02-18,20.94,21.23,20.68,21.03,2742340.0,21.03
2021-02-19,21.21,21.81,21.13,21.63,3680592.0,21.63
2021-02-22,21.5,21.79,21.26,21.33,2835254.0,21.33
2021-02-23,20.53,21.73,19.9,21.7,5856799.0,21.7
2021-02-24,20.0,21.37,19.47,20.8,9617223.0,20.8
2021-02-25,21.4,21.4,19.95,20.33,7092560.0,20.33
2021-02-26,20.49,21.07,20.22,20.93,4103413.0,20.93
2021-03-01,21.0,21.54,20.72,21.32,9549768.0,21.32
2021-03-02,21.3,21.6,20.81,20.95,4736542.0,20.95
2021-03-03,21.08,21.39,20.72,20.9,4456237.0,20.9
2021-03-04,20.77,21.16,19.21,20.04,8668946.0,20.04
2021-03-05,20.26,20.47,18.96,20.05,7871415.0,20.05
2021-03-08,20.1,20.49,19.5,19.66,4648451.0,19.66
2021-03-09,20.13,20.38,19.82,20.21,4125989.0,20.21
2021-03-10,20.41,20.78,20.18,20.63,3875608.0,20.63
2021-03-11,21.0,21.53,20.9,21.17,5271685.0,21.17
2021-03-12,21.0,21.41,20.9,21.07,2404469.0,21.07
2021-03-15,21.23,21.3,20.89,21.11,3331501.0,21.11
2021-03-16,21.07,21.26,20.23,20.42,3141979.0,20.42
2021-03-17,20.07,20.79,20.07,20.71,3053113.0,20.71
2021-03-18,20.59,20.79,20.21,20.24,3094628.0,20.24
2021-03-19,20.15,20.69,19.99,20.45,4649394.0,20.45
2021-03-22,20.36,20.57,19.96,20.36,3272838.0,20.36
2021-03-23,20.36,20.54,19.48,19.54,3831307.0,19.54
2021-03-24,19.55,19.83,19.14,19.2,2981790.0,19.2
2021-03-25,19.0,19.48,18.53,19.41,5115168.0,19.41
2021-03-26,19.5,19.83,19.27,19.49,6852362.0,19.49
2021-03-29,19.47,19.65,19.09,19.28,4390741.0,19.28
2021-03-30,19.29,19.9,18.91,19.78,7039607.0,19.78
2021-03-31,19.95,20.27,19.72,20.0,3594830.0,20.0
2021-04-01,20.19,21.02,20.02,21.01,4111797.0,21.01
2021-04-05,21.25,21.35,20.8,20.97,2572233.0,20.97
2021-04-06,20.95,21.61,20.76,21.54,3588750.0,21.54
2021-04-07,21.53,21.67,21.08,21.17,2482025.0,21.17
2021-04-08,22.01,22.11,21.17,21.49,2850805.0,21.49
2021-04-09,21.37,21.52,21.23,21.43,1855349.0,21.43
2021-04-12,21.33,21.7,21.31,21.6,1816385.0,21.6
2021-04-13,21.66,21.97,21.5,21.96,3224565.0,21.96
2021-04-14,22.0,22.31,21.97,22.14,4170730.0,22.14
2021-04-15,22.35,22.55,22.22,22.4,6105028.0,22.4
2021-04-16,22.56,22.73,22.28,22.47,3932082.0,22.47
2021-04-19,22.32,22.49,22.11,22.25,3582459.0,22.25
2021-04-20,22.25,22.34,21.33,21.78,4778452.0,21.78
2021-04-21,21.69,21.93,21.53,21.8,2333187.0,21.8
2021-04-22,22.03,22.06,21.68,21.97,2973912.0,21.97
2021-04-23,22.13,22.21,21.75,21.77,2426535.0,21.77
2021-04-26,21.79,22.47,21.79,22.4,4198636.0,22.4
2021-04-27,22.4,23.27,22.21,23.08,4705982.0,23.08
2021-04-28,23.16,23.16,22.41,22.99,6045086.0,22.99
2021-04-29,23.26,23.48,22.89,23.25,3677774.0,23.25
2021-04-30,23.03,23.18,22.63,22.7,2825060.0,22.7
2021-05-03,22.93,23.02,22.51,22.82,2853393.0,22.82
2021-05-04,22.53,22.72,22.29,22.6,3274201.0,22.6
2021-05-05,22.66,22.92,22.47,22.89,2806594.0,22.89
2021-05-06,22.87,23.09,22.39,22.86,2999781.0,22.86
2021-05-07,22.88,23.14,22.73,23.01,2921411.0,23.01
2021-05-10,23.01,23.09,22.58,22.7,1814986.0,22.7
2021-05-11,22.32,22.64,22.2,22.36,1979845.0,22.36
2021-05-12,22.18,22.54,21.73,21.76,2717531.0,21.76
2021-05-13,21.9,22.45,21.86,22.21,1967461.0,22.21
2021-05-14,22.33,23.37,22.22,23.31,2018591.0,23.31
2021-05-17,23.22,23.29,22.95,23.13,2584921.0,23.13
2021-05-18,23.13,23.64,23.05,23.19,1826584.0,23.19
2021-05-19,23.01,23.47,22.63,23.46,2364823.0,23.46
2021-05-20,23.61,23.88,23.45,23.65,2184047.0,23.65
2021-05-21,23.89,24.02,23.63,23.65,2348071.0,23.65
2021-05-24,23.85,24.47,23.68,24.33,2521235.0,24.33
2021-05-25,24.32,24.58,24.05,24.27,3424331.0,24.27
2021-05-26,24.47,24.67,24.1,24.42,2441246.0,24.42
2021-05-27,24.41,24.71,24.24,24.62,2594694.0,24.62
2021-05-28,24.7,24.95,24.63,24.82,2414567.0,24.82
2021-06-01,24.98,25.06,24.69,24.92,2157030.0,24.92
2021-06-02,24.92,25.05,24.67,25.05,2919053.0,25.05
2021-06-03,24.94,25.29,24.63,25.15,2156961.0,25.15
2021-06-04,25.31,25.5,25.0,25.35,2479243.0,25.35
2021-06-07,25.51,25.7,25.33,25.65,3265149.0,25.65
2021-06-08,25.71,26.19,25.42,26.01,2676442.0,26.01
2021-06-09,26.1,26.52,25.83,26.26,4194682.0,26.26
2021-06-10,26.26,26.55,25.9,25.91,2396158.0,25.91
2021-06-11,26.01,26.22,25.89,26.21,1262818.0,26.21
2021-06-14,26.26,26.37,25.84,25.89,2156072.0,25.89
2021-06-15,25.92,25.98,25.69,25.91,1974177.0,25.91
2021-06-16,25.99,26.6,25.99,26.55,4273982.0,26.55
2021-06-17,26.46,26.83,26.1,26.45,3588641.0,26.45
2021-06-18,26.01,26.44,25.93,26.12,2463995.0,26.12
2021-06-21,26.17,26.65,26.06,26.64,1845927.0,26.64
2021-06-22,26.65,26.91,26.44,26.87,1575777.0,26.87
2021-06-23,26.9,27.13,26.81,26.98,1305585.0,26.98
2021-06-24,27.1,27.43,26.95,27.21,1838025.0,27.21
2021-06-25,27.27,27.58,27.05,27.15,3838062.0,27.15
2021-06-28,27.12,27.16,26.74,27.08,1547204.0,27.08
2021-06-29,27.11,27.49,27.06,27.18,1581088.0,27.18
2021-06-30,27.31,27.57,27.21,27.3,2655607.0,27.3
2021-07-01,27.27,27.78,27.1,27.46,2928955.0,27.46
2021-07-02,27.54,27.57,26.87,26.95,1858679.0,26.95
2021-07-06,27.06,27.64,26.87,27.61,1759442.0,27.61
2021-07-07,27.64,27.81,26.83,27.03,2032338.0,27.03
2021-07-08,26.6,27.41,26.16,27.19,2056440.0,27.19
2021-07-09,27.31,27.43,27.0,27.39,1180755.0,27.39
2021-07-12,27.33,27.58,27.23,27.43,1312627.0,27.43
2021-07-13,27.4,27.64,27.22,27.25,1237765.0,27.25
2021-07-14,27.43,27.53,26.44,26.66,2081324.0,26.66
2021-07-15,26.54,26.92,26.33,26.49,2480624.0,26.49
2021-07-16,26.76,26.85,26.48,26.56,1848866.0,26.56
2021-07-19,26.19,26.63,26.04,26.63,2177152.0,26.63
2021-07-20,26.7,27.38,26.7,27.16,2200624.0,27.16
2021-07-21,27.15,27.73,27.15,27.66,2593993.0,27.66
2021-07-22,27.71,27.75,27.21,27.44,1822685.0,27.44
2021-07-23,27.32,27.81,27.32,27.74,970403.0,27.74
2021-07-26,27.79,27.94,27.46,27.51,1184908.0,27.51
2021-07-27,27.5,27.7,27.23,27.67,2186672.0,27.67
2021-07-28,27.32,27.79,26.43,27.61,2797585.0,27.61
2021-07-29,27.94,28.45,27.77,28.13,2570793.0,28.13
2021-07-30,28.19,28.34,28.02,28.04,2066621.0,28.04
2021-08-02,28.08,28.17,27.68,27.73,2362515.0,27.73
2021-08-03,27.85,28.26,27.6,28.0,2921637.0,28.0
2021-08-04,27.96,28.24,27.57,27.62,1626085.0,27.62
2021-08-05,27.52,27.62,27.14,27.35,2566589.0,27.35
2021-08-06,27.4,27.66,27.19,27.26,2168330.0,27.26
2021-08-09,27.21,27.56,27.02,27.52,2363497.0,27.52
2021-08-10,27.54,27.67,26.96,27.03,2207830.0,27.03
2021-08-11,26.97,27.14,26.35,27.02,3030927.0,27.02
2021-08-12,27.07,27.54,26.93,27.46,2756490.0,27.46
2021-08-13,27.43,27.47,27.01,27.15,1027383.0,27.15
2021-08-16,27.21,27.25,26.84,26.92,1590761.0,26.92
2021-08-17,26.75,27.0,26.63,26.96,1616271.0,26.96
2021-08-18,26.98,27.35,26.8,26.95,1424622.0,26.95
2021-08-19,26.78,27.08,26.58,26.59,1458554.0,26.59
2021-08-20,26.55,27.14,26.55,27.08,1584393.0,27.08
2021-08-23,27.29,27.42,27.14,27.29,1690050.0,27.29
2021-08-24,27.39,27.71,27.37,27.52,1251956.0,27.52
2021-08-25,27.47,27.77,27.39,27.67,1671047.0,27.67
2021-08-26,27.74,27.93,27.65,27.9,1085549.0,27.9
2021-08-27,28.0,28.52,27.88,28.29,856310.0,28.29
2021-08-30,28.37,28.77,28.32,28.55,1116026.0,28.55
2021-08-31,28.55,28.72,28.1,28.17,889909.0,28.17
2021-09-01,28.27,28.42,28.05,28.36,1011498.0,28.36
2021-09-02,28.51,28.8,28.44,28.59,961128.0,28.59
2021-09-03,28.52,28.72,28.11,28.19,730343.0,28.19
2021-09-07,28.18,28.29,27.98,28.04,1030495.0,28.04
2021-09-08,26.7,27.01,25.71,25.99,5217115.0,25.99
2021-09-09,25.68,25.92,24.83,25.07,5095317.0,25.07
2021-09-10,25.17,25.29,24.5,24.53,3810038.0,24.53
2021-09-13,24.0,24.49,23.65,23.97,4860056.0,23.97
2021-09-14,24.02,24.07,23.49,23.64,3141717.0,23.64
2021-09-15,23.57,23.74,23.41,23.55,3112320.0,23.55
2021-09-16,23.56,24.1,23.5,24.0,2947789.0,24.0
2021-09-17,24.02,24.2,23.65,23.73,4570542.0,23.73
2021-09-20,23.32,23.86,23.09,23.86,2993187.0,23.86
2021-09-21,24.0,24.04,23.57,23.69,2078588.0,23.69
2021-09-22,23.75,24.11,23.67,24.0,1708109.0,24.0
2021-09-23,24.09,24.5,24.01,24.11,3519167.0,24.11
2021-09-24,24.0,24.07,23.74,23.83,2126050.0,23.83
2021-09-27,23.73,24.18,23.69,24.15,3349969.0,24.15
2021-09-28,24.0,24.14,23.41,23.68,2479420.0,23.68
2021-09-29,23.76,24.47,23.7,24.28,3017903.0,24.28
2021-09-30,24.32,24.56,24.07,24.09,4069816.0,24.09
2021-10-01,24.09,24.62,23.7,24.54,3352580.0,24.54
2021-10-04,24.77,24.8,23.52,23.76,3431514.0,23.76
2021-10-05,23.75,23.86,23.1,23.13,3387282.0,23.13
2021-10-06,23.0,23.15,22.8,23.07,1911288.0,23.07
2021-10-07,23.09,23.45,23.02,23.12,1660879.0,23.12
2021-10-08,23.2,23.2,22.41,22.43,2343519.0,22.43
2021-10-11,22.32,22.46,22.07,22.27,2803427.0,22.27
2021-10-12,22.28,22.49,21.57,21.71,3381252.0,21.71
2021-10-13,21.8,21.98,21.33,21.86,4905467.0,21.86
2021-10-14,22.04,22.99,22.0,22.86,3530937.0,22.86
2021-10-15,23.08,23.4,22.78,22.92,1928683.0,22.92
2021-10-18,22.82,23.45,22.81,23.22,2785745.0,23.22
2021-10-19,23.37,23.67,23.18,23.38,1703697.0,23.38
2021-10-20,23.6,23.6,23.2,23.47,1218008.0,23.47
2021-10-21,23.35,23.82,23.28,23.8,1465248.0,23.8
2021-10-22,23.93,24.29,23.8,24.07,2415257.0,24.07
2021-10-25,24.03,24.35,23.83,24.21,1751576.0,24.21
2021-10-26,24.42,24.49,24.03,24.05,1876281.0,24.05
2021-10-27,24.36,25.19,23.98,24.69,4845749.0,24.69
2021-10-28,25.05,26.23,24.54,25.7,3870704.0,25.7
2021-10-29,25.49,25.79,25.32,25.68,2092146.0,25.68
2021-11-01,25.82,26.15,25.32,26.05,5267877.0,26.05
2021-11-02,24.91,25.39,24.68,25.15,13370890.0,25.15
2021-11-03,25.17,25.95,24.84,25.81,7516432.0,25.81
2021-11-04,25.95,27.25,25.86,26.95,4065225.0,26.95
2021-11-05,27.08,27.67,26.93,27.63,5864308.0,27.63
2021-11-08,27.77,27.97,27.46,27.54,3972669.0,27.54
2021-11-09,27.52,27.55,26.8,26.97,1638101.0,26.97
2021-11-10,26.93,27.34,26.46,26.66,1580659.0,26.66
2021-11-11,26.79,27.11,26.58,26.7,1647425.0,26.7
2021-11-12,26.71,26.84,26.37,26.71,2112958.0,26.71
2021-11-15,27.05,27.29,26.78,26.92,2419659.0,26.92
2021-11-16,26.81,27.11,26.75,26.84,2365603.0,26.84
2021-11-17,26.83,26.92,26.61,26.76,908365.0,26.76
2021-11-18,26.8,26.84,26.28,26.59,5429402.0,26.59
2021-11-19,26.55,27.23,26.41,26.98,2201144.0,26.98
2021-11-22,27.21,27.33,26.3,26.59,2552365.0,26.59
2021-11-23,26.36,26.52,25.14,25.62,5577012.0,25.62
2021-11-24,26.23,26.28,25.48,26.24,1777616.0,26.24
2021-11-26,25.83,26.1,25.49,25.78,1458163.0,25.78
2021-11-29,26.18,26.26,25.57,25.99,1388410.0,25.99
2021-11-30,25.83,25.99,25.21,25.64,2968020.0,25.64
2021-12-01,25.92,26.2,24.64,24.7,3421087.0,24.7
2021-12-02,24.9,25.64,24.77,25.64,3097053.0,25.64
2021-12-03,25.77,26.03,25.23,25.51,1476087.0,25.51
2021-12-06,25.49,25.88,24.66,25.83,2578554.0,25.83
2021-12-07,26.29,26.9,26.15,26.56,3742670.0,26.56
2021-12-08,26.72,27.04,26.47,26.76,1648401.0,26.76
2021-12-09,26.58,26.76,25.9,25.99,2272581.0,25.99
2021-12-10,26.05,26.24,25.44,25.78,1405351.0,25.78
2021-12-13,25.7,25.96,25.4,25.45,1558188.0,25.45
2021-12-14,24.8,24.9,23.82,24.34,3494276.0,24.34
2021-12-15,24.4,25.11,24.28,25.02,1504679.0,25.02
2021-12-16,25.29,25.51,23.85,24.02,1907200.0,24.02
2021-12-17,23.82,24.36,23.15,23.95,3752599.0,23.95
2021-12-20,23.52,23.83,23.33,23.79,2400071.0,23.79
2021-12-21,24.0,24.28,23.75,24.19,1101065.0,24.19
2021-12-22,24.16,24.27,23.7,23.98,1619112.0,23.98
2021-12-23,24.14,24.95,23.98,24.86,1208711.0,24.86
2021-12-27,24.9,25.06,24.55,24.98,1398850.0,24.98
2021-12-28,24.94,24.98,24.42,24.7,1282281.0,24.7
2021-12-29,24.7,25.12,24.58,25.0,1106277.0,25.0
2021-12-30,25.0,25.36,25.0,25.18,2279322.0,25.18
2021-12-31,25.09,25.24,24.92,24.97,1349490.0,24.97
2022-01-03,25.17,25.17,24.02,24.38,4275093.0,24.38
2022-01-04,24.26,24.37,23.55,23.92,2508248.0,23.92
2022-01-05,23.83,23.9,22.73,22.84,3887920.0,22.84
2022-01-06,22.8,23.5,22.41,23.4,2416953.0,23.4
2022-01-07,23.48,23.77,22.53,22.55,4071596.0,22.55
2022-01-10,22.5,23.55,22.34,23.54,2855522.0,23.54
2022-01-11,23.51,23.98,23.35,23.97,2299720.0,23.97
2022-01-12,24.17,24.29,23.4,23.91,2179361.0,23.91
2022-01-13,24.07,24.2,23.72,23.77,2507668.0,23.77
2022-01-14,23.62,23.77,22.87,23.29,1810547.0,23.29
2022-01-18,22.89,23.16,22.46,22.73,2087188.0,22.73
2022-01-19,22.85,23.13,22.32,22.39,3156366.0,22.39
2022-01-20,22.39,23.06,21.96,21.98,1784146.0,21.98
2022-01-21,21.97,22.09,21.32,21.34,2037836.0,21.34
2022-01-24,21.02,22.0,20.54,21.92,2565934.0,21.92
2022-01-25,21.61,21.74,20.7,21.21,1641511.0,21.21
2022-01-26,21.44,21.61,20.48,20.63,2274448.0,20.63
2022-01-27,20.87,21.1,19.57,19.66,3074121.0,19.66
2022-01-28,19.64,20.06,19.11,20.05,2054608.0,20.05
2022-01-31,20.06,20.93,20.05,20.86,2576837.0,20.86
2022-02-01,21.05,21.28,20.48,21.11,2720853.0,21.11
2022-02-02,21.24,21.58,21.11,21.33,2412609.0,21.33
2022-02-03,20.9,21.41,20.86,20.93,4568774.0,20.93
2022-02-04,20.93,21.47,20.7,21.33,2645442.0,21.33
2022-02-07,21.37,22.09,21.32,21.62,3592594.0,21.62
2022-02-08,21.68,22.6,21.68,22.52,3952662.0,22.52
2022-02-09,22.87,23.1,22.46,22.82,1580141.0,22.82
2022-02-10,22.43,23.08,22.3,22.41,1350141.0,22.41
2022-02-11,22.41,22.54,20.96,21.14,1771848.0,21.14
2022-02-14,21.01,21.34,20.6,20.82,1553610.0,20.82
2022-02-15,21.25,21.7,21.09,21.68,1348559.0,21.68
2022-02-16,21.59,22.21,21.42,21.96,1166703.0,21.96
2022-02-17,21.67,21.74,20.67,20.69,1210537.0,20.69
2022-02-18,20.79,21.19,20.43,20.47,1685342.0,20.47
2022-02-22,20.22,20.35,19.52,19.57,2898621.0,19.57
2022-02-23,12.12,12.65,10.75,12.38,44348941.0,12.38
2022-02-24,11.48,12.56,11.31,12.39,17918767.0,12.39
2022-02-25,12.39,13.39,12.33,13.2,17192050.0,13.2
2022-02-28,12.94,13.39,12.82,13.02,7558829.0,13.02
2022-03-01,12.88,12.99,12.56,12.59,7668188.0,12.59
2022-03-02,12.62,12.74,11.88,12.0,7589441.0,12.0
2022-03-03,12.02,12.06,11.41,11.5,6230024.0,11.5
2022-03-04,11.43,11.53,10.39,10.57,8436620.0,10.57
2022-03-07,10.68,10.71,10.03,10.05,10042701.0,10.05
2022-03-08,10.1,10.31,9.59,10.19,6391616.0,10.19
2022-03-09,10.53,11.1,10.48,10.92,7174907.0,10.92
2022-03-10,10.6,11.49,10.47,11.39,6141974.0,11.39
2022-03-11,11.54,11.98,11.48,11.84,6518868.0,11.84
2022-03-14,11.81,12.0,10.98,11.13,5718321.0,11.13
2022-03-15,11.16,11.92,10.96,11.89,5581882.0,11.89
2022-03-16,12.02,12.55,12.01,12.32,5783202.0,12.32
2022-03-17,12.21,13.39,12.16,13.22,5278019.0,13.22
2022-03-18,13.04,13.62,13.04,13.4,4513539.0,13.4
2022-03-21,13.69,13.78,12.86,13.04,6229352.0,13.04
2022-03-22,13.08,13.61,13.01,13.42,7609869.0,13.42
2022-03-23,13.14,13.56,12.98,13.11,5698424.0,13.11
2022-03-24,13.14,13.21,12.57,12.78,4380140.0,12.78
2022-03-25,12.72,12.92,12.14,12.85,4676056.0,12.85
2022-03-28,12.86,13.15,12.51,13.05,4792635.0,13.05
2022-03-29,13.4,13.85,13.3,13.64,5330725.0,13.64
2022-03-30,13.35,13.76,13.34,13.71,4587931.0,13.71
2022-03-31,13.8,14.25,13.69,14.0,5565198.0,14.0
2022-04-01,14.73,15.2,14.36,14.58,6237165.0,14.58
2022-04-04,14.34,14.53,13.93,14.49,3067081.0,14.49
2022-04-05,14.58,14.61,13.76,13.85,4378699.0,13.85
2022-04-06,13.52,13.75,13.27,13.66,2470980.0,13.66
2022-04-07,13.64,13.91,13.24,13.47,3169506.0,13.47
2022-04-08,13.41,13.74,13.29,13.54,3341009.0,13.54
2022-04-11,13.3,13.6,12.92,12.96,3885507.0,12.96
2022-04-12,13.09,13.25,12.26,12.37,4140846.0,12.37
2022-04-13,12.32,13.12,12.32,13.12,2574968.0,13.12
2022-04-14,13.04,13.17,12.34,12.38,3012646.0,12.38
2022-04-18,12.23,12.39,11.85,12.06,3221697.0,12.06
2022-04-19,12.08,13.22,11.94,13.07,4146677.0,13.07
2022-04-20,13.2,13.27,12.88,12.9,4125408.0,12.9
2022-04-21,13.05,13.12,12.3,12.44,3047820.0,12.44
2022-04-22,12.31,12.38,11.57,11.63,3708448.0,11.63
2022-04-25,11.5,12.09,11.29,12.06,5055468.0,12.06
2022-04-26,11.96,12.04,11.51,11.54,4863363.0,11.54
2022-04-27,12.76,13.22,12.39,12.87,6304421.0,12.87
2022-04-28,12.98,13.09,12.1,12.76,4640951.0,12.76
2022-04-29,12.66,13.13,12.47,12.53,3631966.0,12.53
2022-05-02,12.48,12.91,12.16,12.61,3397588.0,12.61
2022-05-03,12.48,12.93,12.42,12.75,1929830.0,12.75
2022-05-04,12.73,13.32,12.26,13.29,2342330.0,13.29
2022-05-05,13.13,13.13,12.21,12.51,3199231.0,12.51
2022-05-06,12.38,12.41,11.8,12.21,2076277.0,12.21
2022-05-09,11.85,11.91,11.14,11.16,2664481.0,11.16
2022-05-10,11.39,11.56,10.04,10.05,6103541.0,10.05
2022-05-11,9.89,10.42,9.61,10.17,5569864.0,10.17
2022-05-12,9.88,10.68,9.88,10.44,4539795.0,10.44
2022-05-13,10.74,11.47,10.64,11.3,3724753.0,11.3
2022-05-16,11.22,11.31,10.72,10.79,2216982.0,10.79
2022-05-17,11.16,11.47,11.04,11.41,2745804.0,11.41
2022-05-18,11.21,11.58,10.85,10.92,2734342.0,10.92
2022-05-19,10.84,11.59,10.84,10.98,4873660.0,10.98
2022-05-20,11.12,11.18,10.6,10.84,5960155.0,10.84
2022-05-23,10.86,11.0,10.55,10.79,3018968.0,10.79
2022-05-24,10.69,10.69,9.85,10.25,4667740.0,10.25
2022-05-25,10.25,10.42,9.67,10.24,7147616.0,10.24
2022-05-26,10.34,11.26,10.27,10.86,5966986.0,10.86
2022-05-27,11.07,11.51,10.99,11.44,5822315.0,11.44
2022-05-31,11.49,11.49,10.94,10.99,5310631.0,10.99
2022-06-01,10.92,11.16,10.0,10.34,9220376.0,10.34
2022-06-02,10.4,11.05,10.32,10.86,8995838.0,10.86
2022-06-03,10.69,10.94,10.2,10.87,14598527.0,10.87
2022-06-06,11.19,11.37,10.85,11.02,6891392.0,11.02
2022-06-07,10.87,11.45,10.8,11.41,5971662.0,11.41
2022-06-08,11.21,11.33,10.73,10.95,5353084.0,10.95
2022-06-09,10.86,10.86,10.48,10.49,4997607.0,10.49
2022-06-10,10.21,10.33,10.02,10.09,5388937.0,10.09
2022-06-13,9.71,9.89,9.4,9.41,6325325.0,9.41
2022-06-14,9.46,9.61,9.17,9.36,6433140.0,9.36
2022-06-15,9.45,10.07,9.36,9.69,5399972.0,9.69
2022-06-16,9.33,9.45,8.92,9.04,5474890.0,9.04
2022-06-17,9.07,9.33,9.0,9.18,4339716.0,9.18
2022-06-21,9.35,9.35,9.03,9.19,4084455.0,9.19
2022-06-22,8.92,9.31,8.92,9.19,4048008.0,9.19
2022-06-23,9.21,9.43,9.02,9.42,2701553.0,9.42
2022-06-24,9.55,10.27,9.53,10.23,9564755.0,10.23
2022-06-27,10.32,10.4,9.89,10.0,3144842.0,10.0
2022-06-28,10.05,10.31,9.56,9.59,2000722.0,9.59
2022-06-29,9.52,9.56,8.92,8.94,4448891.0,8.94
2022-06-30,8.73,8.79,8.15,8.22,8105819.0,8.22
2022-07-01,8.16,8.54,8.09,8.29,5359537.0,8.29
2022-07-05,8.12,8.61,7.76,8.6,4408715.0,8.6
2022-07-06,8.55,8.8,8.43,8.64,8316111.0,8.64
2022-07-07,8.75,9.24,8.65,9.17,3638869.0,9.17
2022-07-08,9.12,9.28,8.94,9.03,1969879.0,9.03
2022-07-11,8.88,9.0,8.61,8.68,3211810.0,8.68
2022-07-12,8.6,9.01,8.55,8.68,3344232.0,8.68
2022-07-13,8.45,8.64,8.26,8.39,2941229.0,8.39
2022-07-14,8.17,8.51,8.12,8.43,2942845.0,8.43
2022-07-15,8.63,9.03,8.39,8.94,3447555.0,8.94
2022-07-18,9.13,9.17,8.75,8.79,2239066.0,8.79
2022-07-19,9.02,9.53,8.93,9.51,2674119.0,9.51
2022-07-20,9.61,10.24,9.61,10.17,3432382.0,10.17
2022-07-21,10.12,10.46,10.09,10.37,2135461.0,10.37
2022-07-22,10.44,10.79,10.35,10.61,3593563.0,10.61
2022-07-25,10.56,10.7,10.28,10.46,2204688.0,10.46
2022-07-26,10.37,10.42,10.18,10.25,1502348.0,10.25
2022-07-27,10.44,10.52,10.28,10.5,2043719.0,10.5
2022-07-28,10.77,11.03,10.53,10.98,2028732.0,10.98
2022-07-29,10.94,11.43,10.88,11.42,2963240.0,11.42
2022-08-01,11.23,11.58,11.08,11.45,2515182.0,11.45
2022-08-02,11.29,12.0,11.29,11.77,4071733.0,11.77
2022-08-03,11.64,12.45,10.73,11.99,9989291.0,11.99
2022-08-04,12.2,13.43,12.0,13.17,6395892.0,13.17
2022-08-05,12.78,13.0,12.49,12.83,4955433.0,12.83
2022-08-08,13.02,13.46,12.91,12.97,3033483.0,12.97
2022-08-09,12.73,12.73,11.91,12.16,5297780.0,12.16
2022-08-10,12.67,12.97,12.19,12.96,4786916.0,12.96
2022-08-11,13.14,13.4,12.74,12.83,3215224.0,12.83
2022-08-12,13.06,13.54,12.88,13.52,3879589.0,13.52
2022-08-15,13.42,13.68,13.1,13.34,3469650.0,13.34
2022-08-16,13.15,13.65,13.07,13.39,4084878.0,13.39
2022-08-17,12.99,13.25,12.73,13.11,3508492.0,13.11
2022-08-18,13.11,13.25,12.91,13.06,2982549.0,13.06
2022-08-19,12.84,12.97,12.3,12.33,2441818.0,12.33
2022-08-22,11.96,12.27,11.84,12.05,4354390.0,12.05
2022-08-23,12.05,12.19,11.94,12.05,2899877.0,12.05
2022-08-24,12.12,12.32,11.98,12.21,1583346.0,12.21
2022-08-25,12.39,12.65,12.24,12.51,2570649.0,12.51
2022-08-26,12.48,12.48,11.79,11.83,2808469.0,11.83
2022-08-29,11.55,12.1,11.52,11.88,2213424.0,11.88
2022-08-30,12.03,12.17,11.58,11.75,1515324.0,11.75
2022-08-31,11.81,11.87,11.31,11.53,3629990.0,11.53
2022-09-01,11.35,11.53,11.0,11.49,4762151.0,11.49
2022-09-02,11.72,11.72,11.15,11.21,2851018.0,11.21
2022-09-06,11.27,11.29,11.02,11.18,1548076.0,11.18
2022-09-07,11.14,11.84,11.1,11.71,1378354.0,11.71
2022-09-08,11.52,12.26,11.52,12.23,2342981.0,12.23
2022-09-09,12.38,13.45,12.38,13.37,4838390.0,13.37
2022-09-12,13.25,13.52,13.14,13.43,4121428.0,13.43
2022-09-13,12.84,13.18,12.64,12.72,3496899.0,12.72
2022-09-14,12.67,13.1,12.22,13.06,4740920.0,13.06
2022-09-15,12.92,13.36,12.89,13.02,2073859.0,13.02
2022-09-16,12.66,12.69,12.12,12.33,3532358.0,12.33
2022-09-19,12.1,12.56,12.06,12.51,2385196.0,12.51
2022-09-20,12.32,12.44,12.08,12.2,2641823.0,12.2
2022-09-21,12.3,12.42,11.7,11.75,2627820.0,11.75
2022-09-22,11.68,11.76,10.98,11.03,5368360.0,11.03
2022-09-23,10.53,10.74,9.76,9.95,4132199.0,9.95
2022-09-26,9.82,10.25,9.64,9.79,5170923.0,9.79
2022-09-27,9.98,10.2,9.6,9.68,3914252.0,9.68
2022-09-28,9.71,10.46,9.67,10.34,2642369.0,10.34
2022-09-29,9.99,10.09,9.48,9.69,2322877.0,9.69
2022-09-30,9.66,10.1,9.6,9.72,2685642.0,9.72
2022-10-03,9.93,11.65,9.89,11.25,7401556.0,11.25
2022-10-04,11.66,12.32,11.57,11.96,4771157.0,11.96
2022-10-05,11.62,12.06,11.38,11.99,3558000.0,11.99
2022-10-06,11.98,12.22,11.77,11.86,3684988.0,11.86
2022-10-07,11.62,11.76,10.92,10.95,2473348.0,10.95
2022-10-10,11.01,11.36,10.99,11.24,5607869.0,11.24
2022-10-11,11.15,11.33,10.77,11.08,6192092.0,11.08
2022-10-12,11.11,11.23,10.83,10.91,3354314.0,10.91
2022-10-13,10.44,11.04,10.24,10.88,9816677.0,10.88
2022-10-14,10.92,11.15,10.21,10.22,4166029.0,10.22
2022-10-17,10.51,10.89,10.46,10.86,5278387.0,10.86
2022-10-18,11.35,11.58,11.23,11.48,16244038.0,11.48
2022-10-19,11.33,11.47,11.1,11.4,8678392.0,11.4
2022-10-20,12.14,13.18,12.08,12.37,11496659.0,12.37
2022-10-21,12.31,13.39,12.17,13.21,5760882.0,13.21
2022-10-24,13.26,13.89,12.99,13.78,4174417.0,13.78
2022-10-25,13.89,14.36,13.85,14.13,5039124.0,14.13
2022-10-26,14.22,14.75,13.69,14.6,7201483.0,14.6
2022-10-27,15.25,15.74,14.49,14.79,6037465.0,14.79
2022-10-28,14.78,15.01,14.16,14.96,4651615.0,14.96
2022-10-31,14.88,15.03,14.26,14.31,4395228.0,14.31
2022-11-01,14.65,14.93,14.2,14.84,4321223.0,14.84
2022-11-02,14.72,14.85,14.05,14.08,3673477.0,14.08
2022-11-03,13.8,14.37,13.74,13.92,5025904.0,13.92
2022-11-04,14.31,14.41,13.64,14.18,3230830.0,14.18
2022-11-07,14.83,14.94,14.01,14.6,3503258.0,14.6
2022-11-08,14.63,14.82,14.28,14.66,3478593.0,14.66
2022-11-09,14.36,14.76,14.22,14.64,3066559.0,14.64
2022-11-10,15.6,16.07,15.15,15.28,5087200.0,15.28
2022-11-11,15.41,16.02,15.26,15.36,3801998.0,15.36
2022-11-14,15.14,15.45,14.92,14.93,2306422.0,14.93
2022-11-15,15.43,15.74,14.44,14.7,5622597.0,14.7
2022-11-16,14.44,14.59,13.39,13.88,5325636.0,13.88
2022-11-17,13.52,14.1,13.46,13.99,3607871.0,13.99
2022-11-18,14.19,14.24,13.57,13.84,2389406.0,13.84
2022-11-21,13.79,14.2,13.66,14.03,2597372.0,14.03
2022-11-22,14.07,14.19,13.58,13.81,2076406.0,13.81
2022-11-23,13.83,14.09,13.82,13.86,1497441.0,13.86
2022-11-25,13.83,13.96,13.6,13.74,1138774.0,13.74
2022-11-28,13.49,14.06,13.03,13.1,2479180.0,13.1
2022-11-29,13.16,13.27,13.03,13.2,1933726.0,13.2
2022-11-30,13.26,13.91,13.08,13.85,2282860.0,13.85
2022-12-01,14.25,14.58,14.05,14.2,2557055.0,14.2
2022-12-02,13.88,14.92,13.82,14.76,3201343.0,14.76
2022-12-05,14.49,14.62,14.16,14.35,2045578.0,14.35
2022-12-06,14.42,14.49,13.82,13.93,3117135.0,13.93
2022-12-07,13.87,14.04,13.49,13.66,2911932.0,13.66
2022-12-08,13.81,14.52,13.7,14.24,2774220.0,14.24
2022-12-09,14.17,14.44,13.64,13.64,2469012.0,13.64
2022-12-12,13.58,13.66,13.34,13.62,2398691.0,13.62
2022-12-13,14.28,14.5,13.76,14.08,2798859.0,14.08
2022-12-14,14.01,14.26,13.77,13.91,1893845.0,13.91
2022-12-15,13.57,13.75,13.14,13.25,1879244.0,13.25
2022-12-16,13.08,13.27,12.89,13.14,4501470.0,13.14
2022-12-19,13.16,13.16,12.61,12.68,2309356.0,12.68
2022-12-20,12.55,12.98,12.33,12.85,1624423.0,12.85
2022-12-21,13.0,13.27,12.91,13.14,1621384.0,13.14
2022-12-22,12.92,13.0,12.53,12.78,1663179.0,12.78
2022-12-23,12.77,12.89,12.55,12.82,1282336.0,12.82
2022-12-27,12.85,13.01,12.56,12.58,2087376.0,12.58
2022-12-28,12.63,12.81,12.3,12.35,1633218.0,12.35
2022-12-29,12.58,13.77,12.58,13.53,3452142.0,13.53
2022-12-30,13.26,13.68,13.24,13.66,2353954.0,13.66
2023-01-03,13.86,14.11,13.21,13.3,3458272.0,13.3
2023-01-04,13.51,13.62,13.14,13.5,2505339.0,13.5
2023-01-05,13.35,13.57,13.14,13.53,2951628.0,13.53
2023-01-06,13.74,14.21,13.53,14.12,2504685.0,14.12
2023-01-09,14.26,15.1,14.2,14.82,4388610.0,14.82
2023-01-10,14.72,14.76,14.05,14.52,2424958.0,14.52
2023-01-11,14.7,14.79,14.37,14.64,1817874.0,14.64
2023-01-12,14.71,15.0,14.48,14.98,1886463.0,14.98
2023-01-13,14.82,15.0,14.67,14.97,1840534.0,14.97
2023-01-17,14.95,15.0,14.76,14.96,1798214.0,14.96
2023-01-18,15.02,15.39,14.47,14.48,2442931.0,14.48
2023-01-19,14.22,14.38,13.91,13.94,2197046.0,13.94
2023-01-20,14.11,14.6,13.9,14.52,1491001.0,14.52
2023-01-23,14.65,15.63,14.61,15.53,4017694.0,15.53
2023-01-24,15.54,15.57,15.12,15.25,2496735.0,15.25
2023-01-25,14.81,14.84,14.29,14.35,3616441.0,14.35
2023-01-26,14.61,14.67,13.65,14.05,4217216.0,14.05
2023-01-27,13.9,14.51,13.86,14.38,3144096.0,14.38
2023-01-30,14.09,14.19,13.78,13.96,1808125.0,13.96
2023-01-31,14.03,14.3,13.89,14.22,2066480.0,14.22
2023-02-01,14.18,14.9,13.98,14.7,2065906.0,14.7
2023-02-02,14.93,15.36,14.84,15.04,2340468.0,15.04
2023-02-03,14.63,15.23,14.48,14.59,3013585.0,14.59
2023-02-06,14.32,14.47,14.08,14.2,3748517.0,14.2
2023-02-07,14.29,15.29,14.19,15.25,4991250.0,15.25
2023-02-08,15.09,15.85,14.98,15.73,5075125.0,15.73
2023-02-09,16.05,16.29,15.44,15.65,3937868.0,15.65
2023-02-10,15.56,15.67,14.36,14.46,3260234.0,14.46
2023-02-13,14.47,15.23,14.35,15.22,2269425.0,15.22
2023-02-14,15.05,15.7,14.91,15.63,2557261.0,15.63
2023-02-15,15.63,16.1,15.44,16.07,3355013.0,16.07
2023-02-16,15.74,16.24,15.62,16.03,2939917.0,16.03
2023-02-17,15.82,16.08,15.67,16.06,3823910.0,16.06
2023-02-21,15.83,16.0,15.2,15.26,4883380.0,15.26
2023-02-22,17.01,17.88,15.24,15.52,11976677.0,15.52
2023-02-23,15.9,16.49,15.54,16.46,7040275.0,16.46
2023-02-24,16.24,16.24,15.39,15.81,3492345.0,15.81
2023-02-27,16.03,16.1,15.68,15.76,2715484.0,15.76
2023-02-28,15.66,16.34,15.63,16.25,3105853.0,16.25
2023-03-01,16.17,16.46,15.98,16.13,3630403.0,16.13
2023-03-02,15.78,15.92,15.6,15.83,3145851.0,15.83
2023-03-03,15.88,16.45,15.75,16.36,3580841.0,16.36
2023-03-06,16.39,16.61,16.02,16.19,3333580.0,16.19
2023-03-07,16.14,16.34,15.79,15.84,1725833.0,15.84
2023-03-08,15.87,15.97,15.68,15.74,2076898.0,15.74
2023-03-09,15.87,15.94,15.35,15.38,2730154.0,15.38
2023-03-10,15.39,15.39,14.06,14.24,4830135.0,14.24
2023-03-13,13.94,14.09,13.49,13.83,4944558.0,13.83
2023-03-14,14.19,14.39,13.78,13.95,3306232.0,13.95
2023-03-15,13.43,13.56,12.91,13.32,3688673.0,13.32
2023-03-16,13.1,13.75,13.03,13.6,2994962.0,13.6
2023-03-17,13.48,13.66,13.09,13.12,4399501.0,13.12
2023-03-20,13.33,13.36,12.97,13.22,4987650.0,13.22
2023-03-21,13.68,13.82,13.59,13.77,2253222.0,13.77
2023-03-22,13.79,14.05,13.44,13.45,2532912.0,13.45
2023-03-23,13.6,14.05,12.99,13.23,2124996.0,13.23
2023-03-24,13.04,13.17,12.7,13.09,1880438.0,13.09
2023-03-27,13.3,13.36,13.04,13.19,2611325.0,13.19
2023-03-28,13.19,13.35,13.04,13.21,1967754.0,13.21
2023-03-29,13.53,13.81,13.39,13.71,3241592.0,13.71
2023-03-30,13.99,14.15,13.78,13.8,2696533.0,13.8
2023-03-31,13.96,14.44,13.89,14.31,3137027.0,14.31
2023-04-03,14.24,14.45,13.73,13.97,2261327.0,13.97
2023-04-04,13.98,14.1,12.95,13.1,2943141.0,13.1
2023-04-05,12.92,13.0,12.72,12.92,3206833.0,12.92
2023-04-06,12.85,12.89,12.26,12.38,3482164.0,12.38
2023-04-10,12.3,12.62,12.24,12.55,3449823.0,12.55
2023-04-11,12.6,12.75,12.47,12.55,2925481.0,12.55
2023-04-12,12.67,12.67,12.19,12.25,2689491.0,12.25
2023-04-13,12.28,12.48,12.05,12.43,4092600.0,12.43
2023-04-14,12.36,12.63,12.19,12.43,2621001.0,12.43
2023-04-17,12.44,12.72,12.34,12.57,2361978.0,12.57
2023-04-18,12.65,12.73,12.12,12.36,3716193.0,12.36
2023-04-19,12.14,12.51,12.02,12.49,4485632.0,12.49
2023-04-20,12.28,12.52,12.16,12.27,1937491.0,12.27
2023-04-21,12.23,12.34,11.95,12.18,2575291.0,12.18
2023-04-24,12.26,12.77,12.2,12.73,5059315.0,12.73
2023-04-25,12.55,12.67,12.22,12.23,6829923.0,12.23
2023-04-26,14.33,15.15,13.06,13.59,16760465.0,13.59
2023-04-27,14.0,14.7,13.73,14.49,6112621.0,14.49
2023-04-28,14.51,15.09,14.4,14.92,5048553.0,14.92
2023-05-01,14.78,15.01,14.64,14.82,3492949.0,14.82
2023-05-02,14.84,14.99,14.5,14.92,3744829.0,14.92
2023-05-03,14.98,15.55,14.89,14.93,5293086.0,14.93
2023-05-04,14.9,14.92,14.28,14.31,3302492.0,14.31
2023-05-05,14.44,15.23,14.28,14.98,4187373.0,14.98
2023-05-08,15.18,15.22,14.68,15.08,2129972.0,15.08
2023-05-09,14.91,15.42,14.84,15.26,3253137.0,15.26
2023-05-10,15.48,15.58,15.05,15.29,2510000.0,15.29
2023-05-11,15.23,15.42,15.07,15.33,1672046.0,15.33
2023-05-12,15.31,15.46,14.95,15.1,1711292.0,15.1
2023-05-15,15.1,15.51,15.07,15.32,2162365.0,15.32
2023-05-16,15.26,15.26,15.0,15.13,1630181.0,15.13
2023-05-17,15.31,15.68,15.18,15.63,2741209.0,15.63
2023-05-18,15.51,16.05,15.4,15.96,4900285.0,15.96
2023-05-19,16.07,16.09,15.5,15.56,3661351.0,15.56
2023-05-22,15.77,16.77,15.64,16.51,7543756.0,16.51
2023-05-23,16.31,16.72,16.17,16.29,5738816.0,16.29
2023-05-24,16.0,16.39,15.75,16.24,4048832.0,16.24
2023-05-25,18.3,19.19,17.95,18.51,29409888.0,18.51
2023-05-26,18.72,20.0,18.49,19.74,16000162.0,19.74
2023-05-30,20.43,20.53,19.83,20.14,9997522.0,20.14
2023-05-31,19.87,19.91,18.74,19.3,5854968.0,19.3
2023-06-01,19.37,19.65,19.1,19.4,4783172.0,19.4
2023-06-02,19.84,19.96,19.38,19.8,4021892.0,19.8
2023-06-05,19.44,20.14,19.39,20.07,4166733.0,20.07
2023-06-06,19.83,20.39,19.82,20.0,2966874.0,20.0
2023-06-07,20.0,20.61,19.89,20.56,5017801.0,20.56
2023-06-08,20.39,20.68,20.06,20.58,3695394.0,20.58
2023-06-09,21.23,21.35,20.85,21.19,3982742.0,21.19
2023-06-12,21.3,21.54,21.02,21.11,4767673.0,21.11
2023-06-13,21.44,22.52,21.4,22.45,6638666.0,22.45
2023-06-14,22.5,22.8,22.24,22.55,4516606.0,22.55
2023-06-15,22.42,22.78,22.15,22.6,4453303.0,22.6
2023-06-16,22.8,23.09,22.37,22.54,7713660.0,22.54
2023-06-20,22.45,23.41,22.39,23.34,5143545.0,23.34
2023-06-21,23.01,23.18,22.31,22.97,4860822.0,22.97
2023-06-22,22.76,23.43,22.6,23.31,4356874.0,23.31
2023-06-23,22.84,23.73,22.82,23.64,6516607.0,23.64
2023-06-26,23.5,24.26,23.38,23.45,7315207.0,23.45
2023-06-27,23.51,24.02,23.27,23.8,3704865.0,23.8
2023-06-28,23.59,23.77,23.07,23.35,5087990.0,23.35
2023-06-29,23.96,24.33,23.79,24.13,8865521.0,24.13
2023-06-30,24.34,25.01,24.03,24.77,5216226.0,24.77
2023-07-03,24.8,24.91,24.44,24.87,1881917.0,24.87
2023-07-05,24.73,24.78,24.29,24.3,3535209.0,24.3
2023-07-06,24.06,24.17,23.51,24.08,3814637.0,24.08
2023-07-07,24.57,25.0,24.46,24.65,2532586.0,24.65
2023-07-10,24.73,25.51,24.66,25.38,2523114.0,25.38
2023-07-11,25.31,25.59,25.19,25.31,3047606.0,25.31
2023-07-12,25.63,25.98,25.27,25.76,3119957.0,25.76
2023-07-13,25.94,27.03,25.77,26.51,5184687.0,26.51
2023-07-14,26.52,26.8,26.04,26.35,3135163.0,26.35
2023-07-17,26.3,26.72,26.11,26.35,3027360.0,26.35
2023-07-18,26.4,26.82,26.04,26.73,4121209.0,26.73
2023-07-19,26.52,26.78,26.28,26.69,6889789.0,26.69
2023-07-20,26.4,26.7,26.07,26.17,6024025.0,26.17
2023-07-21,26.43,26.47,25.34,25.68,5709893.0,25.68
2023-07-24,25.52,25.95,25.23,25.78,3872116.0,25.78
2023-07-25,25.67,26.28,25.58,25.99,2741718.0,25.99
2023-07-26,25.7,26.08,25.09,25.34,5117650.0,25.34
2023-07-27,25.85,26.03,25.09,25.32,4690020.0,25.32
2023-07-28,25.69,26.22,25.61,25.95,4622643.0,25.95
2023-07-31,25.77,26.11,25.41,26.01,5875117.0,26.01
2023-08-01,25.67,26.63,25.48,26.53,9987121.0,26.53
2023-08-02,33.0,35.38,31.57,34.29,38479088.0,34.29
2023-08-03,34.1,34.59,33.06,34.5,12837914.0,34.5
2023-08-04,34.96,36.6,34.76,35.71,9938368.0,35.71
2023-08-07,35.0,36.41,34.86,35.72,14131771.0,35.72
2023-08-08,35.55,36.47,34.96,36.22,7777744.0,36.22
2023-08-09,36.37,36.69,34.68,34.82,7518938.0,34.82
2023-08-10,34.71,34.95,32.74,33.87,11382271.0,33.87
2023-08-11,34.15,34.58,33.38,33.51,6050438.0,33.51
2023-08-14,33.57,34.86,33.25,34.58,5947787.0,34.58
2023-08-15,34.61,34.92,34.06,34.73,5592405.0,34.73
2023-08-16,34.71,34.98,33.7,33.74,5438160.0,33.74
2023-08-17,33.79,33.96,32.89,32.99,6342108.0,32.99
2023-08-18,33.0,34.33,32.38,33.97,7282734.0,33.97
2023-08-21,34.2,35.24,33.65,35.07,5952883.0,35.07
2023-08-22,35.38,35.8,34.54,34.97,4276406.0,34.97
2023-08-23,35.13,36.2,34.89,35.68,4733291.0,35.68
2023-08-24,36.89,37.22,34.99,35.01,10481007.0,35.01
2023-08-25,35.22,37.95,35.11,37.5,10429677.0,37.5
2023-08-28,37.44,38.54,37.21,38.17,6433266.0,38.17
2023-08-29,37.7,39.16,37.4,38.72,5746554.0,38.72
2023-08-30,38.5,39.25,38.38,38.89,3397007.0,38.89
2023-08-31,39.08,39.5,38.78,39.39,3569432.0,39.39
2023-09-01,39.62,40.41,39.19,39.87,4614280.0,39.87
2023-09-05,39.85,40.14,38.78,39.13,3719491.0,39.13
2023-09-06,39.2,39.58,37.66,38.44,7073943.0,38.44
2023-09-07,38.16,39.77,37.81,39.6,6757275.0,39.6
2023-09-08,39.33,40.15,39.05,39.2,3864035.0,39.2
2023-09-11,38.18,39.23,37.85,39.2,6528510.0,39.2
2023-09-12,38.87,39.71,37.31,37.62,5653668.0,37.62
2023-09-13,37.43,37.79,36.22,37.03,7073308.0,37.03
2023-09-14,37.97,39.24,37.93,38.44,6826036.0,38.44
2023-09-15,37.75,38.47,37.5,38.17,7132824.0,38.17
2023-09-18,37.47,38.31,36.72,37.8,4100068.0,37.8
2023-09-19,37.97,38.42,37.32,38.06,2445720.0,38.06
2023-09-20,38.16,38.76,37.1,37.12,3697138.0,37.12
2023-09-21,36.7,36.84,35.8,36.32,3686148.0,36.32
2023-09-22,36.73,36.91,36.21,36.45,2666414.0,36.45
2023-09-25,36.44,37.54,36.2,36.77,4134286.0,36.77
2023-09-26,36.5,36.76,35.49,35.52,4622712.0,35.52
2023-09-27,35.96,36.56,35.72,36.18,5576399.0,36.18
2023-09-28,36.26,38.1,36.11,37.0,4655836.0,37.0
2023-09-29,37.42,38.71,37.12,37.2,4526751.0,37.2
2023-10-02,38.05,38.97,37.7,38.41,6750246.0,38.41
2023-10-03,37.87,39.23,36.4,36.84,6541442.0,36.84
2023-10-04,36.9,38.58,36.63,38.19,5267523.0,38.19
2023-10-05,37.57,38.52,37.3,38.18,3903869.0,38.18
2023-10-06,37.78,40.2,37.53,39.77,7099440.0,39.77
2023-10-09,39.29,40.14,38.28,40.13,5777509.0,40.13
2023-10-10,40.98,42.72,40.5,40.58,8552259.0,40.58
2023-10-11,40.7,42.53,40.54,41.73,8423293.0,41.73
2023-10-12,41.81,43.13,41.21,41.81,6449904.0,41.81
2023-10-13,41.6,42.06,39.01,39.1,6903641.0,39.1
2023-10-16,39.47,40.92,39.2,40.65,4355123.0,40.65
2023-10-17,39.65,41.39,38.62,41.19,5069038.0,41.19
2023-10-18,40.49,40.78,38.46,38.75,6822607.0,38.75
2023-10-19,39.02,39.48,36.96,37.42,8848213.0,37.42
2023-10-20,37.19,37.94,35.65,36.74,8789350.0,36.74
2023-10-23,36.79,38.31,36.24,37.29,6631994.0,37.29
2023-10-24,37.72,39.2,37.57,39.03,9674136.0,39.03
2023-10-25,41.54,41.92,36.0,37.39,17130391.0,37.39
2023-10-26,37.57,38.1,34.6,34.86,10790502.0,34.86
2023-10-27,35.66,36.81,35.6,36.42,7780782.0,36.42
2023-10-30,36.92,38.5,36.4,38.28,6218934.0,38.28
2023-10-31,38.03,39.45,37.21,39.27,5648364.0,39.27
2023-11-01,39.35,40.26,39.07,40.23,5920270.0,40.23
2023-11-02,40.93,41.8,39.67,39.98,5638604.0,39.98
2023-11-03,40.59,41.22,39.82,40.44,6202484.0,40.44
2023-11-06,40.53,40.68,38.68,39.75,5246408.0,39.75
2023-11-07,40.08,41.06,39.48,40.15,4686105.0,40.15
2023-11-08,40.67,40.93,39.8,40.07,4825680.0,40.07
2023-11-09,40.37,42.2,39.51,39.97,6119753.0,39.97
2023-11-10,40.01,42.25,40.01,41.83,5793404.0,41.83
2023-11-13,41.5,42.43,41.17,42.29,4239629.0,42.29
2023-11-14,43.21,44.0,42.82,43.59,6316007.0,43.59
2023-11-15,44.27,44.96,42.83,43.5,8154097.0,43.5
2023-11-16,43.0,43.62,42.34,42.84,4630158.0,42.84
2023-11-17,43.78,44.16,42.97,43.29,5140460.0,43.29
2023-11-20,43.11,44.63,43.11,44.55,4553969.0,44.55
2023-11-21,44.23,45.15,42.12,42.63,6832042.0,42.63
2023-11-22,43.4,44.38,42.33,43.52,6243398.0,43.52
2023-11-24,43.72,43.87,42.54,42.68,1526167.0,42.68
2023-11-27,42.69,43.26,42.4,42.55,5344217.0,42.55
2023-11-28,42.52,42.87,41.33,42.25,7511461.0,42.25
2023-11-29,44.01,44.92,41.01,42.29,13346495.0,42.29
2023-11-30,42.69,44.55,42.5,43.66,26318992.0,43.66
2023-12-01,43.5,45.94,43.27,45.14,9446791.0,45.14
2023-12-04,45.22,45.91,43.66,45.36,8054599.0,45.36
2023-12-05,44.96,45.31,44.31,45.15,4325024.0,45.15
2023-12-06,45.49,45.99,44.03,44.16,4325546.0,44.16
2023-12-07,44.3,45.42,44.14,45.14,4565525.0,45.14
2023-12-08,44.84,47.25,44.83,47.14,6950925.0,47.14
2023-12-11,47.33,48.88,47.33,47.63,7433949.0,47.63
2023-12-12,47.5,49.86,47.39,49.43,7006550.0,49.43
2023-12-13,49.63,50.23,47.76,47.94,7966723.0,47.94
2023-12-14,48.35,48.99,45.75,47.24,10176289.0,47.24
2023-12-15,47.36,48.4,46.87,47.73,5707626.0,47.73
2023-12-18,47.73,48.6,47.45,47.8,3012630.0,47.8
2023-12-19,47.91,49.34,47.88,49.22,3795252.0,49.22
2023-12-20,48.86,49.15,47.2,47.25,3611070.0,47.25
2023-12-21,48.12,48.64,47.84,48.58,2593801.0,48.58
2023-12-22,48.57,49.16,48.2,48.78,2421722.0,48.78
2023-12-26,48.93,49.21,48.55,48.99,2078720.0,48.99
2023-12-27,48.9,49.31,48.39,48.93,2615648.0,48.93
2023-12-28,48.97,49.33,48.34,48.96,2133053.0,48.96
2023-12-29,48.84,49.02,47.84,48.03,3012456.0,48.03
2024-01-02,47.48,47.5,45.19,45.64,5770247.0,45.64
2024-01-03,45.0,45.92,44.31,45.57,5904591.0,45.57
2024-01-04,45.59,47.31,45.59,45.8,5274809.0,45.8
2024-01-05,45.6,46.67,45.09,46.31,4390751.0,46.31
2024-01-08,46.75,48.62,46.62,48.54,4179144.0,48.54
2024-01-09,48.42,49.47,47.45,49.18,3871296.0,49.18
2024-01-10,49.19,49.68,48.45,48.79,2870463.0,48.79
2024-01-11,49.0,50.17,48.22,50.02,3612635.0,50.02
2024-01-12,49.88,50.25,48.42,49.52,3465716.0,49.52
2024-01-16,49.37,50.72,49.25,49.96,3061538.0,49.96
2024-01-17,49.43,49.89,48.86,49.26,3208468.0,49.26
2024-01-18,50.36,51.04,49.67,50.89,4190214.0,50.89
2024-01-19,52.5,53.67,51.67,53.67,7499468.0,53.67
2024-01-22,54.5,55.93,53.1,53.45,7113671.0,53.45
2024-01-23,53.69,54.2,52.83,53.67,3453512.0,53.67
2024-01-24,54.38,55.05,52.8,52.82,8007294.0,52.82
2024-01-25,53.5,53.79,52.61,53.31,7383384.0,53.31
2024-01-26,53.05,54.77,52.4,53.46,5004508.0,53.46
2024-01-29,53.4,54.93,53.3,54.9,5323474.0,54.9
2024-01-30,56.24,57.59,55.67,56.66,9344631.0,56.66
2024-01-31,55.46,57.6,55.23,56.33,7562175.0,56.33
2024-02-01,57.47,59.62,57.24,59.46,10368817.0,59.46
2024-02-02,60.07,62.26,60.07,61.47,9915164.0,61.47
2024-02-05,61.45,62.17,60.37,61.58,6978596.0,61.58
2024-02-06,61.9,62.26,57.83,59.12,10175514.0,59.12
2024-02-07,59.98,61.31,59.27,60.74,6298897.0,60.74
2024-02-08,60.93,63.43,60.88,61.67,7400972.0,61.67
2024-02-09,61.99,63.81,61.85,63.52,6139227.0,63.52
2024-02-12,63.95,64.18,61.05,61.32,7718765.0,61.32
2024-02-13,58.91,63.12,57.13,62.53,10345020.0,62.53
2024-02-14,63.5,65.2,63.06,64.97,7577972.0,64.97
2024-02-15,65.02,65.56,61.98,62.84,9598712.0,62.84
2024-02-16,63.18,65.0,62.35,62.97,8065847.0,62.97
2024-02-20,61.96,62.55,60.08,62.02,9540299.0,62.02
2024-02-21,55.03,61.59,55.0,58.55,21417270.0,58.55
2024-02-22,62.86,64.5,61.69,62.9,11655916.0,62.9
2024-02-23,63.42,64.51,61.25,62.7,5905861.0,62.7
2024-02-26,63.33,66.9,63.22,66.31,7090843.0,66.31
2024-02-27,67.0,68.8,66.25,66.27,8558770.0,66.27
2024-02-28,65.55,67.56,65.53,66.1,5414425.0,66.1
2024-02-29,66.8,68.22,66.45,67.62,6756131.0,67.62
2024-03-01,68.4,71.14,68.37,70.57,7711104.0,70.57
2024-03-04,72.8,73.5,71.69,71.69,9063766.0,71.69
2024-03-05,70.6,71.92,68.73,70.02,6303862.0,70.02
2024-03-06,72.16,73.58,70.74,71.99,5829557.0,71.99
2024-03-07,72.0,72.57,70.75,72.09,5393710.0,72.09
2024-03-08,72.4,74.41,69.0,69.37,7610747.0,69.37
2024-03-11,68.25,68.32,65.89,67.0,11753350.0,67.0
2024-03-12,68.72,72.59,68.35,72.32,7662578.0,72.32
2024-03-13,71.78,74.64,71.54,73.37,8822695.0,73.37
2024-03-14,73.9,76.28,73.24,73.92,9815508.0,73.92
2024-03-15,73.81,75.45,72.67,74.16,8130096.0,74.16
2024-03-18,77.11,79.66,75.57,77.14,12557953.0,77.14
2024-03-19,75.0,77.28,72.91,77.06,12532821.0,77.06
2024-03-20,77.7,78.62,75.43,77.84,6214836.0,77.84
2024-03-21,82.02,84.75,81.13,82.11,11019844.0,82.11
2024-03-22,83.2,84.02,81.54,82.5,6338726.0,82.5
2024-03-25,82.4,83.23,80.92,81.95,7094571.0,81.95
2024-03-26,82.5,86.63,82.16,82.67,8377149.0,82.67
2024-03-27,82.67,83.28,78.52,81.01,7800464.0,81.01
2024-03-28,81.1,82.96,80.6,81.67,5077211.0,81.67
2024-04-01,82.08,82.84,79.57,80.4,6376324.0,80.4
2024-04-02,78.72,81.28,77.16,80.77,6930164.0,80.77
2024-04-03,80.0,85.83,79.8,85.35,8017900.0,85.35
2024-04-04,87.62,88.69,80.58,80.69,11498402.0,80.69
2024-04-05,82.6,85.41,81.8,85.34,7984408.0,85.34
2024-04-08,85.42,86.0,82.25,84.15,6524964.0,84.15
2024-04-09,84.25,84.37,78.93,81.8,10241900.0,81.8
2024-04-10,80.13,85.39,79.31,84.77,8810698.0,84.77
2024-04-11,85.74,88.25,84.94,86.34,8896034.0,86.34
2024-04-12,84.63,86.74,83.51,83.89,5903483.0,83.89
2024-04-15,85.5,86.45,80.34,80.67,7637866.0,80.67
2024-04-16,80.45,83.36,79.59,82.36,6775611.0,82.36
2024-04-17,83.16,85.13,80.1,81.88,6168651.0,81.88
2024-04-18,82.59,84.79,80.03,81.01,6618210.0,81.01
2024-04-19,79.91,80.15,74.57,75.01,15942122.0,75.01
2024-04-22,75.8,77.25,72.58,76.07,10949604.0,76.07
2024-04-23,76.87,79.79,76.42,79.17,7385659.0,79.17
2024-04-24,89.79,94.39,81.84,84.57,28787647.0,84.57
2024-04-25,83.0,92.49,81.9,90.35,20852369.0,90.35
2024-04-26,92.87,95.32,92.56,93.49,15253837.0,93.49
2024-04-29,93.18,94.86,91.19,94.8,14543147.0,94.8
2024-04-30,93.75,95.7,91.33,93.0,11015249.0,93.0
2024-05-01,92.13,93.0,86.79,88.52,10960484.0,88.52
2024-05-02,90.47,92.44,87.36,92.17,6046363.0,92.17
2024-05-03,94.18,94.88,92.56,93.01,4749009.0,93.01
2024-05-06,94.39,97.28,94.39,97.26,5700986.0,97.26
2024-05-07,95.9,97.49,94.85,94.91,5751604.0,94.91
2024-05-08,94.72,98.08,94.1,97.68,6006444.0,97.68
2024-05-09,97.6,99.44,95.55,97.94,6893769.0,97.94
2024-05-10,99.6,100.3,95.02,95.4,8692298.0,95.4
2024-05-13,95.42,96.63,93.74,94.8,4466604.0,94.8
2024-05-14,94.37,98.95,93.1,98.73,4871981.0,98.73
2024-05-15,101.02,104.76,101.01,104.6,8483704.0,104.6
2024-05-16,102.47,103.75,97.21,97.29,8234318.0,97.29
2024-05-17,98.68,98.94,95.05,96.81,8078373.0,96.81
2024-05-20,97.62,101.3,97.62,99.32,6056028.0,99.32
2024-05-21,97.04,100.18,96.5,99.13,4537942.0,99.13
2024-05-22,100.0,101.95,99.1,100.13,5919686.0,100.13
2024-05-23,105.0,105.64,101.09,101.24,10830817.0,101.24
2024-05-24,101.6,109.27,101.22,106.17,10019352.0,106.17
2024-05-28,108.11,109.0,103.3,105.16,9810395.0,105.16
2024-05-29,104.6,105.43,103.11,103.21,7080402.0,103.21
2024-05-30,102.85,104.47,101.64,102.28,4814507.0,102.28
2024-05-31,100.4,100.7,92.4,98.07,17944391.0,98.07
2024-06-03,98.2,98.39,92.65,96.11,9697859.0,96.11
2024-06-04,93.95,94.41,89.13,92.09,13986318.0,92.09
2024-06-05,93.57,98.36,93.34,97.08,9545584.0,97.08
2024-06-06,96.1,97.29,87.16,88.0,20215500.0,88.0
2024-06-07,87.87,90.8,85.14,87.68,13592757.0,87.68
2024-06-10,87.51,92.5,87.5,91.3,7952392.0,91.3
2024-06-11,90.75,91.1,88.6,89.3,6583277.0,89.3
2024-06-12,92.11,95.24,89.38,90.17,9862466.0,90.17
2024-06-13,91.43,95.92,90.52,95.31,9510607.0,95.31
2024-06-14,94.76,95.45,90.32,91.48,8046758.0,91.48
2024-06-17,91.89,92.1,86.88,89.55,9299141.0,89.55
2024-06-18,89.09,96.36,87.75,95.34,11453326.0,95.34
2024-06-20,95.13,97.5,89.66,90.49,10777007.0,90.49
2024-06-21,89.4,90.89,86.01,90.62,12111910.0,90.62
2024-06-24,89.5,90.15,87.04,89.14,8391953.0,89.14
2024-06-25,89.53,91.81,88.51,91.72,6723241.0,91.72
2024-06-26,90.2,90.99,85.67,87.01,8985171.0,87.01
2024-06-27,87.0,88.12,86.27,86.88,6726908.0,86.88
2024-06-28,87.0,89.33,84.78,86.57,23351478.0,86.57
2024-07-01,87.41,87.62,82.81,86.66,8693807.0,86.66
2024-07-02,86.11,89.07,85.67,88.0,7714384.0,88.0
2024-07-03,88.06,93.42,87.93,93.42,7804684.0,93.42
2024-07-05,93.0,94.6,91.11,91.78,5902866.0,91.78
2024-07-08,92.75,94.45,91.8,92.33,4309106.0,92.33
2024-07-09,92.96,95.48,92.66,92.76,6114642.0,92.76
2024-07-10,93.45,94.38,90.85,94.1,4254273.0,94.1
2024-07-11,94.99,95.36,90.76,92.86,6257694.0,92.86
2024-07-12,92.0,93.43,88.68,89.67,10282432.0,89.67
2024-07-15,89.9,90.93,87.4,87.89,7589544.0,87.89
2024-07-16,89.79,91.07,87.55,89.72,6181768.0,89.72
2024-07-17,86.59,88.2,81.78,81.78,13005836.0,81.78
2024-07-18,83.63,86.78,79.78,82.56,13846364.0,82.56
2024-07-19,82.94,86.47,82.35,85.31,7387263.0,85.31
2024-07-22,87.74,89.31,86.12,87.85,7696989.0,87.85
2024-07-23,87.72,92.35,87.5,91.0,10060796.0,91.0
2024-07-24,88.38,88.86,78.29,78.59,22907980.0,78.59
2024-07-25,79.24,79.72,72.0,76.48,17502790.0,76.48
2024-07-26,79.75,80.5,76.82,77.12,7834149.0,77.12
2024-07-29,77.5,80.0,76.31,78.0,8083750.0,78.0
2024-07-30,78.39,79.8,71.89,73.03,12157519.0,73.03
2024-07-31,80.59,81.05,77.99,78.7,16390347.0,78.7
2024-08-01,79.75,80.9,73.64,74.0,10460584.0,74.0
2024-08-02,68.14,70.75,65.83,69.46,16616247.0,69.46
2024-08-05,62.4,68.92,62.4,67.73,15898280.0,67.73
2024-08-06,69.1,71.24,66.38,69.27,11978565.0,69.27
2024-08-07,71.0,72.0,66.2,67.22,11165020.0,67.22
2024-08-08,69.59,71.71,66.75,71.06,9929202.0,71.06
2024-08-09,70.95,72.09,69.86,71.46,6669081.0,71.46
2024-08-12,71.6,73.52,70.77,72.94,6761337.0,72.94
2024-08-13,73.53,76.76,73.07,76.24,8042901.0,76.24
2024-08-14,77.54,80.8,76.91,80.16,11372045.0,80.16
2024-08-15,81.5,83.05,80.3,82.96,7604703.0,82.96
2024-08-16,82.0,82.0,79.01,79.42,6846365.0,79.42
2024-08-19,79.0,79.07,75.84,78.88,6791564.0,78.88
2024-08-20,78.77,79.39,76.01,76.51,5977749.0,76.51
2024-08-21,76.32,78.6,75.41,77.99,5735338.0,77.99
2024-08-22,78.16,78.87,75.84,76.78,4304165.0,76.78
2024-08-23,77.33,78.84,76.32,78.55,4990712.0,78.55
2024-08-26,78.34,79.12,76.9,78.06,4828645.0,78.06
2024-08-27,77.0,81.0,76.35,80.21,5431833.0,80.21
2024-08-28,80.6,81.92,78.39,80.52,6981652.0,80.52
2024-08-29,81.21,83.75,78.94,79.92,7012135.0,79.92
2024-08-30,81.2,83.59,80.47,83.03,7100595.0,83.03
2024-09-03,82.25,82.8,74.81,75.2,9052156.0,75.2
2024-09-04,74.08,76.87,73.27,75.06,5232275.0,75.06
2024-09-05,74.52,75.69,73.37,75.15,3809784.0,75.15
2024-09-06,75.4,76.05,71.12,71.77,8197712.0,71.77
2024-09-09,73.0,74.94,72.45,74.48,5446547.0,74.48
2024-09-10,75.28,76.69,73.67,75.47,4235489.0,75.47
2024-09-11,75.95,82.62,75.5,82.39,10119182.0,82.39
2024-09-12,81.65,87.61,81.51,86.76,11806080.0,86.76
2024-09-13,88.52,89.22,85.41,85.76,7264461.0,85.76
2024-09-16,84.44,87.62,83.75,86.99,6043808.0,86.99
2024-09-17,88.0,88.72,86.1,87.29,4287144.0,87.29
2024-09-18,88.3,90.5,87.08,87.66,8541924.0,87.66
2024-09-19,91.92,93.66,90.03,92.06,9608759.0,92.06
2024-09-20,92.8,95.12,92.3,94.54,13255773.0,94.54
2024-09-23,95.33,96.7,95.02,96.07,6964924.0,96.07
2024-09-24,96.13,97.57,95.26,97.39,5068186.0,97.39
2024-09-25,98.2,101.5,98.08,100.74,8452442.0,100.74
2024-09-26,102.44,103.69,97.42,100.62,9150722.0,100.62
2024-09-27,100.13,100.34,96.02,98.41,7032636.0,98.41
2024-09-30,97.4,99.7,95.95,99.49,4852608.0,99.49
2024-10-01,99.62,99.84,96.16,97.62,4428514.0,97.62
2024-10-02,97.21,102.49,96.3,102.28,6185454.0,102.28
2024-10-03,102.62,105.25,101.65,102.69,6036251.0,102.69
2024-10-04,104.22,105.39,102.94,105.2,5745081.0,105.2
2024-10-07,105.2,107.67,104.4,106.73,6403631.0,106.73
2024-10-08,105.84,108.08,105.13,106.82,4942633.0,106.82
2024-10-09,107.31,109.38,107.06,108.12,5512307.0,108.12
2024-10-10,106.5,109.09,104.62,107.47,4653875.0,107.47
2024-10-11,107.54,112.06,107.31,111.84,6544990.0,111.84
2024-10-14,112.34,113.43,111.53,112.41,5474265.0,112.41
2024-10-15,111.8,111.96,106.29,107.47,9795733.0,107.47
2024-10-16,109.52,112.78,109.24,111.69,6210050.0,111.69
2024-10-17,113.87,116.19,113.04,114.28,7672525.0,114.28
2024-10-18,114.1,114.28,112.12,112.25,4167747.0,112.25
2024-10-21,111.48,113.17,110.45,112.11,5974699.0,112.11
2024-10-22,110.5,114.11,110.25,112.47,9649747.0,112.47
2024-10-23,107.0,116.41,104.52,108.36,18855291.0,108.36
2024-10-24,109.51,111.94,108.09,110.03,8149420.0,110.03
2024-10-25,110.89,114.87,110.57,112.17,6257177.0,112.17
2024-10-28,113.09,115.19,112.67,113.61,4765831.0,113.61
2024-10-29,113.0,114.15,112.4,113.83,4019801.0,113.83
2024-10-30,113.31,114.13,110.61,112.45,3529513.0,112.45
2024-10-31,109.67,110.47,107.18,109.29,5806421.0,109.29
2024-11-01,109.91,110.0,106.65,106.9,5008029.0,106.9
2024-11-04,106.36,107.41,104.58,106.21,4637603.0,106.21
2024-11-05,107.49,112.57,107.05,112.44,4133347.0,112.44
2024-11-06,116.99,120.44,115.08,120.43,7598144.0,120.43
2024-11-07,122.89,124.86,120.94,122.17,7696346.0,122.17
2024-11-08,121.61,125.81,120.6,125.75,4621528.0,125.75
2024-11-11,130.15,130.3,123.84,126.8,6556240.0,126.8
2024-11-12,125.11,126.67,121.25,123.81,6110678.0,123.81
2024-11-13,125.99,128.71,124.29,124.53,4590857.0,124.53
2024-11-14,124.8,124.87,119.61,121.03,5020197.0,121.03
2024-11-15,119.02,123.25,118.64,120.87,6154873.0,120.87
2024-11-18,124.64,127.34,119.72,123.02,7586058.0,123.02
2024-11-19,123.63,141.12,123.63,140.94,14849833.0,140.94
2024-11-20,140.6,141.76,134.41,137.54,10605542.0,137.54
2024-11-21,138.98,145.67,137.28,141.49,10136990.0,141.49
2024-11-22,142.26,142.9,139.14,140.15,4943962.0,140.15
2024-11-25,141.03,141.7,130.65,132.03,10649320.0,132.03
2024-11-26,133.56,135.46,130.24,131.74,7680927.0,131.74
2024-11-27,130.04,130.67,124.52,126.94,7384227.0,126.94
2024-11-29,129.94,130.98,127.3,127.6,2952132.0,127.6
2024-12-02,129.0,131.99,124.05,127.05,5331686.0,127.05
2024-12-03,127.84,131.68,126.33,128.16,7607805.0,128.16
2024-12-04,130.21,132.9,129.22,130.88,5222717.0,130.88
2024-12-05,133.0,137.06,130.55,134.58,11214481.0,134.58
2024-12-06,135.0,135.52,130.7,133.85,4552197.0,133.85
2024-12-09,133.55,133.55,121.84,126.17,8959073.0,126.17
2024-12-10,126.5,127.83,120.63,121.7,6682702.0,121.7
2024-12-11,124.1,127.0,122.33,125.84,4269536.0,125.84
2024-12-12,123.97,126.17,123.3,125.04,3265022.0,125.04
2024-12-13,127.0,129.0,121.8,125.78,11623072.0,125.78
2024-12-16,126.22,127.21,123.59,125.97,4848752.0,125.97
2024-12-17,123.5,124.38,119.2,120.69,5869212.0,120.69
2024-12-18,121.88,122.5,112.8,114.12,6553988.0,114.12
2024-12-19,117.21,117.69,112.91,115.44,6615343.0,115.44
2024-12-20,114.2,121.0,112.58,120.04,8720768.0,120.04
2024-12-23,120.5,120.87,115.6,117.74,4161544.0,117.74
2024-12-24,118.53,119.57,117.96,118.74,1719449.0,118.74
2024-12-26,118.0,120.1,117.77,118.88,2189891.0,118.88
2024-12-27,117.07,118.0,113.48,115.11,3813047.0,115.11
2024-12-30,112.33,118.2,112.23,116.16,3663242.0,116.16
2024-12-31,116.39,116.5,113.39,113.61,3431458.0,113.61
2025-01-02,115.02,120.21,114.88,118.3,4807821.0,118.3
2025-01-03,119.25,126.11,119.09,125.67,7696206.0,125.67
2025-01-06,131.3,135.09,131.1,134.08,9688344.0,134.08
2025-01-07,135.0,135.33,126.01,130.64,7257682.0,130.64
2025-01-08,130.2,130.61,125.2,129.27,4115759.0,129.27
2025-01-10,128.08,129.23,122.14,128.93,5205477.0,128.93
2025-01-13,123.25,124.69,118.7,124.01,6856126.0,124.01
2025-01-14,126.13,130.88,125.71,128.95,6231382.0,128.95
2025-01-15,132.46,133.49,128.87,132.0,4268037.0,132.0
2025-01-16,133.86,136.22,131.62,132.59,4427581.0,132.59
2025-01-17,134.5,137.3,132.6,135.88,4914669.0,135.88
2025-01-21,141.14,143.48,135.55,143.13,7427090.0,143.13
2025-01-22,150.08,154.79,147.68,148.59,9963744.0,148.59
2025-01-23,147.46,155.26,146.55,153.49,7579323.0,153.49
2025-01-24,154.26,155.84,145.41,146.32,8530347.0,146.32
2025-01-27,117.05,121.48,99.11,102.6,47118551.0,102.6
2025-01-28,104.18,107.0,97.5,106.55,24198330.0,106.55
2025-01-29,108.94,112.67,106.04,110.46,17317240.0,110.46
2025-01-30,115.95,119.74,111.44,114.6,13358592.0,114.6
2025-01-31,118.05,121.19,113.7,117.02,11210972.0,117.02
2025-02-03,105.75,114.35,105.0,112.6,10950318.0,112.6
2025-02-04,113.0,113.74,109.55,111.25,7636301.0,111.25
2025-02-05,114.27,119.4,113.54,119.04,8100333.0,119.04
2025-02-06,119.66,121.34,117.55,119.56,5610582.0,119.56
2025-02-07,121.0,124.03,119.47,121.38,6041009.0,121.38
2025-02-10,120.78,126.53,120.78,125.76,7773110.0,125.76
2025-02-11,123.58,124.86,120.21,123.25,9011916.0,123.25
2025-02-12,111.08,116.0,110.75,111.24,21298039.0,111.24
2025-02-13,113.0,114.5,105.82,109.28,14407336.0,109.28
2025-02-14,109.3,109.3,105.86,108.05,7157299.0,108.05
2025-02-18,111.01,113.37,108.98,109.96,6717540.0,109.96
2025-02-19,109.86,110.38,106.67,107.84,5945000.0,107.84
2025-02-20,109.0,110.61,102.67,104.83,9035836.0,104.83
2025-02-21,105.0,105.0,94.57,95.99,15635334.0,95.99
2025-02-24,97.0,97.0,88.74,91.02,17153481.0,91.02
2025-02-25,89.0,94.25,84.69,91.9,20420476.0,91.9
2025-02-26,100.66,101.8,97.03,98.61,15881278.0,98.61
2025-02-27,103.7,104.21,91.94,92.41,12550978.0,92.41
2025-02-28,91.51,96.08,91.0,95.17,9527301.0,95.17
2025-03-03,93.66,94.9,84.1,85.41,15779611.0,85.41
2025-03-04,82.11,88.96,79.0,86.39,17251618.0,86.39
2025-03-05,86.21,89.26,83.79,87.89,8103223.0,87.89
2025-03-06,82.65,85.48,80.6,82.04,10284328.0,82.04
2025-03-07,82.04,85.5,79.79,85.04,9677211.0,85.04
2025-03-10,81.25,82.47,76.1,78.02,14742920.0,78.02
2025-03-11,78.95,85.35,78.12,83.12,10287225.0,83.12
2025-03-12,88.9,89.52,82.85,85.38,9870823.0,85.38
2025-03-13,84.25,85.13,79.91,83.09,8079842.0,83.09
2025-03-14,86.82,87.86,83.6,87.45,7348416.0,87.45
2025-03-17,86.82,90.72,86.58,89.08,7247949.0,89.08
2025-03-18,87.86,88.16,84.06,84.66,6148721.0,84.66
2025-03-19,85.79,91.19,84.66,89.17,7165446.0,89.17
2025-03-20,86.88,90.81,86.52,89.08,5474121.0,89.08
2025-03-21,87.06,89.11,85.75,88.63,5240827.0,88.63
2025-03-24,92.0,94.2,90.56,93.69,6225159.0,93.69
2025-03-25,92.95,94.02,89.51,91.58,6850653.0,91.58
2025-03-26,85.7,86.58,80.1,81.62,19005722.0,81.62
2025-03-27,78.57,79.46,75.93,76.32,17174918.0,76.32
2025-03-28,75.65,76.5,72.49,74.25,13147198.0,74.25
2025-03-31,70.0,72.49,68.25,72.2,13779461.0,72.2
2025-04-01,71.91,75.67,70.37,75.27,10133068.0,75.27
2025-04-02,72.5,77.68,72.43,77.11,8254075.0,77.11
2025-04-03,69.6,71.52,66.62,67.47,14045321.0,67.47
2025-04-04,60.04,61.79,55.32,59.41,27351292.0,59.41
2025-04-07,53.61,67.85,53.6,63.82,20279962.0,63.82
2025-04-08,70.2,70.35,60.67,62.9,17171912.0,62.9
2025-04-09,61.85,76.49,61.28,72.82,18896589.0,72.82
2025-04-10,69.19,70.78,65.92,67.73,11790998.0,67.73
2025-04-11,67.3,69.71,65.68,69.61,8185319.0,69.61
2025-04-14,73.22,73.42,70.13,71.57,7879463.0,71.57
2025-04-15,71.37,73.47,71.37,72.71,6190252.0,72.71
2025-04-16,69.18,72.21,68.33,71.65,14542974.0,71.65
2025-04-17,72.5,73.74,70.85,73.21,9296341.0,73.21
2025-04-21,70.84,71.5,65.93,67.57,8511059.0,67.57
2025-04-22,69.21,72.6,69.0,71.82,10427982.0,71.82
2025-04-23,85.47,86.93,77.24,78.0,24253225.0,78.0
2025-04-24,80.25,84.84,80.0,83.88,13734038.0,83.88
2025-04-25,84.97,89.27,84.55,86.95,14314920.0,86.95
2025-04-28,86.95,88.0,84.33,86.15,8872003.0,86.15
2025-04-29,87.0,87.5,84.67,86.19,6317285.0,86.19
2025-04-30,81.78,85.41,80.51,85.38,8979649.0,85.38
2025-05-01,91.64,94.93,91.17,92.55,16440659.0,92.55
2025-05-02,94.11,96.99,93.0,95.0,9145183.0,95.0
2025-05-05,93.11,95.79,92.95,94.83,6240132.0,94.83
2025-05-06,91.94,93.95,91.81,93.48,6740245.0,93.48
2025-05-07,92.9,95.65,91.84,95.52,10037610.0,95.52
2025-05-08,96.95,97.28,94.87,95.74,7275919.0,95.74
2025-05-09,96.06,96.94,92.13,94.06,6369660.0,94.06
2025-05-12,101.1,101.75,99.44,101.05,8952162.0,101.05
2025-05-13,101.07,107.69,100.9,105.58,8987002.0,105.58
2025-05-14,108.55,109.95,106.82,109.48,9603451.0,109.48
2025-05-15,105.8,108.18,105.19,105.38,6667496.0,105.38
2025-05-16,106.16,106.34,103.96,106.04,5169831.0,106.04
2025-05-19,103.0,106.75,102.56,106.4,4593331.0,106.4
2025-05-20,105.37,106.84,105.02,106.39,4030741.0,106.39
2025-05-21,104.29,107.0,102.57,103.61,5354851.0,103.61
2025-05-22,102.7,105.29,101.11,104.2,3799942.0,104.2
2025-05-23,101.36,105.15,101.0,104.14,3967280.0,104.14
2025-05-27,107.52,110.18,106.3,109.79,6457054.0,109.79
2025-05-28,108.8,109.52,107.05,109.22,5920445.0,109.22
2025-05-29,113.81,114.34,107.05,108.47,5914417.0,108.47
2025-05-30,107.31,107.97,104.71,107.93,6935573.0,107.93
2025-06-02,108.0,109.38,105.68,109.23,4001673.0,109.23
2025-06-03,111.2,115.35,110.62,112.34,8438140.0,112.34
2025-06-04,113.32,115.65,112.7,112.85,5005741.0,112.85
2025-06-05,113.97,114.18,110.96,112.22,4826737.0,112.22
2025-06-06,115.0,116.62,114.25,115.36,5376630.0,115.36
2025-06-09,115.17,115.5,111.5,112.0,5820341.0,112.0
2025-06-10,113.0,113.01,107.38,108.47,7573025.0,108.47
2025-06-11,108.4,111.89,107.38,110.59,5559892.0,110.59
2025-06-12,109.4,114.59,108.81,114.5,6778728.0,114.5
2025-06-13,111.08,113.71,110.32,110.97,5900161.0,110.97
2025-06-16,114.3,117.18,113.39,116.45,7553737.0,116.45
2025-06-17,117.02,120.33,115.5,116.61,6102365.0,116.61
2025-06-18,116.57,120.74,115.67,119.08,6331654.0,119.08
2025-06-20,119.65,120.4,117.2,118.54,6689516.0,118.54
2025-06-23,117.5,118.55,112.71,116.54,9121353.0,116.54
2025-06-24,118.05,122.92,117.49,122.32,7544691.0,122.32
2025-06-25,123.0,124.62,121.25,121.64,5324483.0,121.64
2025-06-26,122.01,125.45,121.47,123.8,5398106.0,123.8
2025-06-27,127.0,128.58,124.8,127.16,9337438.0,127.16
2025-06-30,128.08,129.31,125.88,128.41,5349627.0,128.41
2025-07-01,127.0,127.87,120.28,122.54,8974301.0,122.54
2025-07-02,124.12,126.47,123.1,124.33,5761489.0,124.33
2025-07-03,124.6,129.43,124.55,127.84,3821258.0,127.84
2025-07-07,127.84,129.0,124.78,126.26,4426835.0,126.26
2025-07-08,129.88,131.38,124.9,125.89,6641523.0,125.89
2025-07-09,127.03,129.48,125.91,128.37,4936272.0,128.37
2025-07-10,128.0,128.82,110.06,120.72,24685696.0,120.72
2025-07-11,120.11,124.64,118.7,123.3,7221178.0,123.3
2025-07-14,122.0,125.56,122.0,124.72,6560025.0,124.72
2025-07-15,127.94,129.44,125.5,127.37,7079536.0,127.37
2025-07-16,127.35,128.45,122.51,125.4,6041472.0,125.4
2025-07-17,128.25,133.52,127.44,131.12,7988961.0,131.12
2025-07-18,131.51,133.2,128.44,129.06,5781799.0,129.06
2025-07-21,129.2,129.75,125.4,126.21,4820787.0,126.21
2025-07-22,125.86,125.92,119.1,125.29,6335674.0,125.29
2025-07-23,127.91,131.44,127.37,130.19,6072860.0,130.19
2025-07-24,131.98,132.95,129.39,130.87,4504529.0,130.87
2025-07-25,132.13,137.66,132.13,137.47,8555933.0,137.47
2025-07-28,139.13,143.1,138.02,142.55,10607042.0,142.55
2025-07-29,143.08,146.32,140.38,142.7,15169731.0,142.7
2025-07-30,147.07,153.5,140.36,144.17,18502379.0,144.17
2025-07-31,148.75,152.59,145.43,145.6,10875591.0,145.6
2025-08-01,137.28,143.14,136.0,141.59,11014769.0,141.59
2025-08-04,144.26,144.26,139.55,140.2,6744716.0,140.2
2025-08-05,140.83,141.4,135.35,138.76,5090940.0,138.76
2025-08-06,137.59,140.21,136.25,139.75,4078763.0,139.75
2025-08-07,141.0,141.04,137.42,139.39,5302324.0,139.39
2025-08-08,141.18,141.58,138.4,139.93,3733948.0,139.93
2025-08-11,139.17,141.44,138.5,139.83,4109415.0,139.83
2025-08-12,141.3,145.6,139.8,143.72,6225477.0,143.72
2025-08-13,145.0,145.12,133.95,137.4,9976037.0,137.4
2025-08-14,134.21,135.93,131.53,132.52,8129168.0,132.52
2025-08-15,132.52,133.35,129.22,133.07,6207546.0,133.07
2025-08-18,132.37,135.78,132.25,135.69,3251361.0,135.69
2025-08-19,133.01,133.97,127.34,129.05,7307300.0,129.05
2025-08-20,126.43,127.64,121.41,127.54,8282002.0,127.54
2025-08-21,127.77,128.63,125.78,126.58,3744317.0,126.58
2025-08-22,127.0,131.24,125.72,125.97,5622028.0,125.97
2025-08-25,126.46,126.85,123.93,125.02,4610698.0,125.02
2025-08-26,125.51,129.28,124.91,127.93,5947445.0,127.93
2025-08-27,127.43,131.17,126.56,129.31,6412749.0,129.31
2025-08-28,133.01,134.93,131.17,134.23,6817490.0,134.23
2025-08-29,133.13,133.34,126.23,127.55,6367298.0,127.55
2025-09-02,123.7,124.49,119.67,124.01,8130271.0,124.01
2025-09-03,124.8,125.73,123.07,125.59,4081765.0,125.59
2025-09-04,125.9,127.09,124.47,125.7,4607211.0,125.7
2025-09-05,127.81,128.58,118.7,124.0,7719293.0,124.0
2025-09-08,125.71,125.72,120.97,121.82,10222593.0,121.82
2025-09-09,124.08,125.98,120.83,125.58,7607810.0,125.58
2025-09-10,134.24,141.22,134.24,136.74,12971116.0,136.74
2025-09-11,138.42,138.42,133.95,135.71,6779643.0,135.71
2025-09-12,135.5,137.09,133.56,134.84,4065278.0,134.84
2025-09-15,135.92,142.06,134.4,138.26,7643895.0,138.26
2025-09-16,140.25,141.22,135.13,136.65,5449702.0,136.65
2025-09-17,135.64,137.56,132.69,136.83,5123236.0,136.83
2025-09-18,139.0,142.62,136.97,141.96,5294739.0,141.96
2025-09-19,142.63,144.49,139.38,143.6,6682803.0,143.6
2025-09-22,143.05,152.45,142.25,151.96,8731683.0,151.96
2025-09-23,151.32,152.1,139.15,142.61,16540920.0,142.61
2025-09-24,143.48,146.1,140.85,141.62,5978086.0,141.62
2025-09-25,137.01,141.19,133.85,139.77,6197337.0,139.77
2025-09-26,139.0,140.98,137.08,138.62,3607399.0,138.62
2025-09-29,142.0,145.61,141.4,143.31,5876598.0,143.31
2025-09-30,144.0,150.93,144.0,150.86,6822333.0,150.86
2025-10-01,149.12,162.22,147.35,161.59,12843988.0,161.59
2025-10-02,164.3,168.99,157.31,161.64,8935831.0,161.64
2025-10-03,161.64,163.88,157.83,160.2,5728509.0,160.2
2025-10-06,168.84,169.83,162.34,162.8,7202753.0,162.8
2025-10-07,164.75,165.0,154.77,158.87,6898668.0,158.87
2025-10-08,160.53,167.55,159.27,167.38,4889711.0,167.38
2025-10-09,168.38,170.89,164.75,168.88,4972575.0,168.88
2025-10-10,178.43,183.1,168.65,169.01,16066519.0,169.01
2025-10-13,175.01,184.44,172.0,179.0,11056040.0,179.0
2025-10-14,171.69,181.84,168.2,175.15,7427171.0,175.15
2025-10-15,180.0,182.99,175.6,180.51,5642346.0,180.51
2025-10-16,182.51,183.0,175.21,177.82,5000043.0,177.82
2025-10-17,175.0,178.0,170.3,174.0,5880648.0,174.0
2025-10-20,178.0,179.79,173.95,175.73,6691767.0,175.73
2025-10-21,175.08,177.19,170.56,174.8,8130715.0,174.8
2025-10-22,182.6,184.5,162.68,171.59,22483700.0,171.59
2025-10-23,174.53,184.04,174.0,183.2,9679410.0,183.2
2025-10-24,186.85,188.89,184.9,186.06,7188379.0,186.06
2025-10-27,189.99,194.0,188.91,192.9,6672440.0,192.9
2025-10-28,192.77,195.71,186.02,190.57,6044059.0,190.57
2025-10-29,193.7,199.5,193.13,199.27,6298652.0,199.27
2025-10-30,193.86,202.45,192.39,193.76,5693489.0,193.76
2025-10-31,196.95,199.87,188.58,192.86,7726472.0,192.86
2025-11-03,196.15,197.6,189.57,191.4,6065090.0,191.4
2025-11-04,183.3,186.9,177.5,180.82,8984213.0,180.82
2025-11-05,182.07,193.4,181.0,190.71,6534628.0,190.71
2025-11-06,191.0,191.0,180.51,183.02,5906719.0,183.02
2025-11-07,177.0,179.8,169.61,179.8,9142952.0,179.8
2025-11-10,188.02,191.41,184.76,187.84,5590061.0,187.84
2025-11-11,184.0,187.48,178.04,179.05,5625672.0,179.05
2025-11-12,182.11,182.57,173.01,173.37,6131655.0,173.37
2025-11-13,169.97,170.65,160.67,163.64,11389636.0,163.64
2025-11-14,162.0,175.88,159.66,170.97,10017718.0,170.97
2025-11-17,168.39,174.85,164.56,166.65,5249692.0,166.65
2025-11-18,163.31,169.13,158.0,164.86,7585766.0,164.86
2025-11-19,166.06,174.66,165.91,170.65,6070334.0,170.65
2025-11-20,176.92,180.88,158.08,159.61,10075848.0,159.61
2025-11-21,160.0,161.29,149.11,159.83,10577503.0,159.83
2025-11-24,162.43,171.8,162.43,168.91,8208134.0,168.91
2025-11-25,167.55,169.66,158.89,169.57,8572498.0,169.57
2025-11-26,172.21,174.87,170.55,172.02,5264379.0,172.02
2025-11-28,173.52,179.8,172.66,179.73,4021713.0,179.73
2025-12-01,175.9,182.65,173.2,179.22,6501007.0,179.22
2025-12-02,182.82,186.37,179.62,180.91,5304360.0,180.91
2025-12-03,179.02,180.93,172.7,178.88,5374392.0,178.88
2025-12-04,179.34,185.34,177.16,182.54,4962101.0,182.54
2025-12-05,182.17,189.66,180.1,189.02,7445659.0,189.02
2025-12-08,186.17,188.5,182.0,185.61,5556283.0,185.61
2025-12-09,181.18,182.5,176.54,178.38,6414653.0,178.38
2025-12-10,179.38,185.41,175.55,181.82,5301230.0,181.82
2025-12-11,177.5,179.0,167.18,178.66,11321061.0,178.66
2025-12-12,173.3,174.15,159.82,161.27,12511837.0,161.27
2025-12-15,163.41,166.55,160.0,161.74,8860803.0,161.74
2025-12-16,158.35,162.47,154.65,160.66,7808721.0,160.66
2025-12-17,161.01,161.01,147.82,149.83,11959702.0,149.83
2025-12-18,156.43,158.75,151.5,154.39,7773502.0,154.39
2025-12-19,156.0,162.37,155.27,159.82,9716270.0,159.82
2025-12-22,166.13,167.0,162.95,166.25,5687702.0,166.25
2025-12-23,165.53,167.96,161.83,166.26,3220318.0,166.26
2025-12-24,166.0,167.5,164.62,166.87,1331756.0,166.87
2025-12-26,167.26,168.44,165.85,167.58,2532439.0,167.58
2025-12-29,165.8,168.99,163.79,165.62,3074990.0,165.62
2025-12-30,165.99,166.4,163.88,164.34,3764134.0,164.34
2025-12-31,164.69,165.76,161.91,162.01,2575140.0,162.01
2026-01-02,169.47,177.25,169.13,175.61,7347965.0,175.61
2026-01-05,182.63,183.25,170.44,173.95,5860169.0,173.95
2026-01-06,169.36,175.21,162.21,174.95,7813674.0,174.95
2026-01-07,169.0,174.21,168.53,171.54,5205374.0,171.54
2026-01-08,170.75,171.26,158.77,160.78,7684894.0,160.78
2026-01-09,162.4,164.77,161.19,163.58,5665274.0,163.58
2026-01-12,164.18,171.33,164.16,170.03,4181075.0,170.03
2026-01-13,170.1,175.21,169.74,172.72,3647693.0,172.72
2026-01-14,172.2,175.56,167.6,170.86,3780625.0,170.86
2026-01-15,176.0,179.67,172.35,172.54,4104020.0,172.54
2026-01-16,174.63,180.37,173.5,176.93,4502039.0,176.93
2026-01-20,170.85,177.97,170.01,175.18,4690466.0,175.18
2026-01-21,176.69,182.5,173.0,181.47,5586969.0,181.47
2026-01-22,186.92,189.9,179.2,181.12,5508592.0,181.12
2026-01-23,182.22,183.72,175.73,182.49,3495826.0,182.49
2026-01-26,181.02,185.32,180.08,181.23,3020029.0,181.23
2026-01-27,182.4,189.3,178.26,189.21,4390163.0,189.21
2026-01-28,189.8,194.0,188.07,193.76,4935617.0,193.76
2026-01-29,196.98,199.19,186.18,195.1,5661853.0,195.1
2026-01-30,194.91,200.4,185.6,186.18,4502673.0,186.18
2026-02-02,182.65,191.9,182.0,190.01,4110982.0,190.01
2026-02-03,190.01,195.0,183.01,190.15,4432894.0,190.15
2026-02-04,190.7,194.88,172.6,182.56,8287066.0,182.56
2026-02-05,176.29,183.33,172.35,177.75,6144534.0,177.75
2026-02-06,180.92,195.81,180.92,195.58,7197172.0,195.58
2026-02-09,196.78,208.43,195.84,202.0,7638391.0,202.0
2026-02-10,203.0,206.35,197.38,199.62,6707729.0,199.62
2026-02-11,233.25,249.95,233.0,248.51,19793439.0,248.51
2026-02-12,243.95,255.54,234.51,236.51,12438172.0,236.51
2026-02-13,238.22,239.51,227.05,234.53,6785002.0,234.53
2026-02-17,234.58,245.41,232.12,243.53,6449570.0,243.53
2026-02-18,247.0,254.05,240.38,243.21,5350325.0,243.21
2026-02-19,241.03,247.71,239.52,243.06,3929753.0,243.06
2026-02-20,240.99,246.8,238.19,243.75,3879036.0,243.75
2026-02-23,242.6,245.77,240.0,245.42,4026035.0,245.42
2026-02-24,246.5,253.48,241.27,253.15,5457940.0,253.15
2026-02-25,255.46,264.86,255.0,262.19,6580052.0,262.19
2026-02-26,260.15,260.15,241.69,259.23,8566122.0,259.23
2026-02-27,251.5,257.8,245.67,254.89,6967895.0,254.89
2026-03-02,249.44,258.9,244.22,257.75,5382271.0,257.75
2026-03-03,245.53,248.22,234.72,244.44,6865970.0,244.44
2026-03-04,249.4,255.3,245.34,251.28,4298416.0,251.28
2026-03-05,247.49,258.32,238.74,249.75,5291202.0,249.75
2026-03-06,241.0,251.47,238.65,241.78,8772623.0,241.78
2026-03-09,251.49,266.67,251.0,264.35,20427377.0,264.35
2026-03-10,265.55,274.85,264.5,270.06,11306689.0,270.06
2026-03-11,272.11,276.78,266.57,268.26,7103210.0,268.26
2026-03-12,263.65,271.44,257.25,265.38,7465228.0,265.38
2026-03-13,265.2,269.22,256.07,258.88,6980891.0,258.88
2026-03-16,261.68,270.91,261.68,264.74,7386500.0,264.74
2026-03-17,260.66,270.87,259.51,268.41,5121079.0,268.41
2026-03-18,271.63,274.73,264.54,264.71,6673846.0,264.71
2026-03-19,258.44,271.1,256.04,269.17,7084553.0,269.17
2026-03-20,268.62,272.84,255.51,255.88,87826540.0,255.88
2026-03-23,259.0,271.88,255.12,256.0,8887946.0,256.0
2026-03-24,256.0,270.91,251.15,270.89,6842715.0,270.89
2026-03-25,276.8,282.05,274.0,276.16,5928722.0,276.16
2026-03-26,273.81,274.16,252.4,252.4,6621741.0,252.4
2026-03-27,249.96,256.84,248.5,251.07,5444278.0,251.07
2026-03-30,253.71,255.45,231.7,234.22,6930317.0,234.22
2026-03-31,233.0,251.0,233.0,250.58,6686009.0,250.58
2026-04-01,257.0,265.55,257.0,259.37,5112526.0,259.37
2026-04-02,249.12,267.0,247.92,261.29,3965322.0,261.29
2026-04-06,262.93,266.52,258.59,258.73,3305470.0,258.73
2026-04-07,256.97,262.48,252.01,262.3,2937212.0,262.3
2026-04-08,279.87,285.6,273.38,281.03,5696641.0,281.03
2026-04-09,280.99,291.0,280.97,287.64,5166357.0,287.64
2026-04-10,289.75,297.56,289.3,295.11,4644708.0,295.11
2026-04-13,294.98,300.68,294.98,299.96,4733830.0,299.96
2026-04-14,307.0,312.46,299.01,310.51,4993694.0,310.51
2026-04-15,309.5,311.0,296.64,301.16,5353597.0,301.16
2026-04-16,303.0,303.31,292.67,294.13,4832204.0,294.13
2026-04-17,298.7,308.54,298.22,307.34,5805385.0,307.34
2026-04-20,307.0,315.66,305.11,314.41,4670942.0,314.41
2026-04-21,316.1,323.04,310.84,312.44,7285154.0,312.44
2026-04-22,305.32,312.98,296.8,305.14,9835756.0,305.14
2026-04-23,304.2,325.25,304.2,321.75,7066600.0,321.75
2026-04-24,328.0,330.3,316.4,323.46,5281146.0,323.46
2026-04-27,325.99,328.05,307.07,322.43,5442103.0,322.43
2026-04-28,307.19,314.51,293.88,305.03,8217476.0,305.03
2026-04-29,307.05,309.97,299.8,306.18,4536282.0,306.18
2026-04-30,313.75,330.0,312.34,328.49,6268586.0,328.49
2026-05-01,330.65,331.97,324.23,328.31,4408615.0,328.31
2026-05-04,329.58,332.95,321.45,330.97,4927173.0,330.97
2026-05-05,334.07,341.12,330.6,341.02,5456082.0,341.02
2026-05-06,351.56,359.84,343.65,358.92,5583178.0,358.92
2026-05-07,358.57,359.0,336.18,340.01,5457897.0,340.01
2026-05-08,349.79,350.99,339.71,339.97,4080923.0,339.97
2026-05-11,342.01,372.0,342.01,367.92,7279145.0,367.92
2026-05-12,361.32,370.26,349.02,367.13,6556206.0,367.13
2026-05-13,375.7,377.77,360.91,369.99,4460891.0,369.99
2026-05-14,370.24,379.94,365.15,376.23,3611238.0,376.23
2026-05-15,364.31,373.91,356.27,370.94,4870815.0,370.94
2026-05-18,370.3,370.3,330.72,339.73,8086633.0,339.73
2026-05-19,329.68,334.62,314.34,322.63,9039434.0,322.63
2026-05-20,325.0,329.43,314.25,315.67,6013788.0,315.67
2026-05-21,322.3,330.33,319.0,323.4,5221249.0,323.4
2026-05-22,333.96,334.89,324.0,327.46,4801754.0,327.46
2026-05-26,341.06,343.31,323.26,323.91,6523685.0,323.91
2026-05-27,326.01,326.16,310.1,319.78,5293027.0,319.78
2026-05-28,316.4,320.68,307.3,314.18,5384047.0,314.18
2026-05-29,315.2,319.58,308.0,315.71,7227465.0,315.71
2026-06-01,317.99,328.58,313.13,323.39,6162045.0,323.39
2026-06-02,335.15,345.18,331.23,334.49,5077343.0,334.49
2026-06-03,340.87,343.63,326.79,331.44,3927640.0,331.44
2026-06-04,321.1,326.86,306.0,323.92,6075867.0,323.92
2026-06-05,313.75,315.0,294.39,300.51,7330000.0,300.51
2026-06-08,309.25,310.61,300.22,300.57,4789944.0,300.57
2026-06-09,300.43,307.13,276.5,289.52,11117695.0,289.52
2026-06-10,284.52,294.35,275.18,280.98,6904091.0,280.98
2026-06-11,284.25,298.66,283.4,297.88,5408771.0,297.88
2026-06-12,303.48,305.19,295.1,302.87,4958049.0,302.87
2026-06-15,316.0,319.84,310.37,311.93,5346340.0,311.93
2026-06-16,314.2,316.37,299.09,299.6,4581765.0,299.6
2026-06-17,304.72,329.7,303.2,317.58,6181350.0,317.58
2026-06-18,331.23,337.79,326.5,333.05,7262472.0,333.05
2026-06-22,338.88,358.54,338.0,357.96,7284201.0,357.96
2026-06-23,337.96,337.97,316.51,318.32,10277715.0,318.32
2026-06-24,323.73,323.74,308.28,316.43,6106142.0,316.43
2026-06-25,338.92,340.0,321.34,325.57,6313746.0,325.57
2026-06-26,314.0,316.0,300.19,303.95,21988204.0,303.95
2026-06-29,304.65,309.2,294.3,306.97,6708588.0,306.97
2026-06-30,310.0,337.23,310.0,334.82,7742363.0,334.82
2026-07-01,325.8,327.21,309.51,311.42,6259708.0,311.42
2026-07-02,309.81,316.99,296.45,300.53,5906836.0,300.53
2026-07-06,311.99,329.38,308.02,318.47,6428171.0,318.47
2026-07-07,304.75,306.23,287.11,305.58,5986552.0,305.58
2026-07-08,301.64,319.65,300.6,317.81,4425179.0,317.81
2026-07-09,333.55,338.88,322.38,323.92,3946259.0,323.92
2026-07-10,320.31,323.81,315.68,318.86,3001183.0,318.86
2026-07-13,311.94,316.08,302.07,305.87,3720338.0,305.87
2026-07-14,315.53,317.18,300.19,303.58,3560882.0,303.58
2026-07-15,306.25,309.44,289.78,304.57,3873675.0,304.57
2026-07-16,297.0,301.28,287.53,294.11,5017730.0,294.11
2026-07-17,279.21,297.32,272.93,289.56,6068124.0,289.56
2026-07-20,295.0,301.66,290.96,291.67,3770215.0,291.67
2026-07-21,303.05,306.45,297.15,304.5,3485176.0,304.5
2026-07-22,294.25,303.88,293.55,301.16,2935008.0,301.16
2026-07-23,300.0,313.61,300.0,304.04,3098535.0,304.04
2026-07-24,300.5,302.49,288.55,290.36,3405114.0,290.36
2026-07-27,293.03,296.71,272.53,287.6,5017277.0,287.6
2026-07-28,272.58,274.66,259.19,269.56,8157528.0,269.56
2026-07-29,245.99,248.8,220.92,223.04,21265677.0,223.04
2026-07-30,237.2,241.32,224.6,227.5,14508005.0,227.5
2026-07-31,246.87,251.71,233.17,241.57,10849592.0,241.57
2026-08-03,236.98,264.14,234.96,263.05,9517055.0,263.05
2026-08-04,275.21,276.52,268.12,269.93,5802642.0,269.93
2026-08-05,270.45,282.5,270.0,277.94,5933161.0,277.94
2026-08-06,271.13,286.36,270.06,275.17,5084717.0,275.17
2026-08-07,284.92,285.9,269.19,272.4,3909382.0,272.4
2026-08-10,277.28,278.68,267.52,270.1,2859501.0,270.1
2026-08-11,275.5,284.68,273.9,281.81,3686939.0,281.81
2026-08-12,298.29,298.29,286.01,288.36,4034329.0,288.36
2026-08-13,287.94,293.51,286.88,287.07,3120082.0,287.07
2026-08-14,287.07,295.47,285.25,293.84,3153622.0,293.84
2026-08-17,297.88,300.3,290.58,292.43,3575938.0,292.43
2026-08-18,281.0,281.67,270.31,272.54,5584135.0,272.54
2026-08-19,273.0,275.55,256.11,261.0,6206489.0,261.0
2026-08-20,258.58,264.95,252.16,264.63,5219644.0,264.63
2026-08-21,268.2,268.2,257.49,261.95,3212644.0,261.95
2026-08-24,257.0,258.3,249.97,254.97,3986115.0,254.97
2026-08-25,263.09,267.05,255.03,255.75,3926960.0,255.75
2026-08-26,256.61,265.78,255.34,263.81,3930747.0,263.81
2026-08-27,273.0,274.76,262.23,269.28,4607784.0,269.28
2026-08-28,269.06,270.0,255.57,257.08,3849706.0,257.08
2026-08-31,258.24,261.79,254.91,258.72,4085711.0,258.72
2026-09-01,255.22,257.89,248.75,255.97,4283914.0,255.97
2026-09-02,254.97,260.05,251.5,256.7,3014392.0,256.7
2026-09-03,256.49,270.99,254.5,268.83,4245850.0,268.83
