event_date,off,date,L,S,net,dL,dS,dNet,dOI
1995-05-02,-5,1995-03-28,61558,55864,5694,-4735,-8705,3970,14290
1995-05-02,-4,1995-04-04,60252,57566,2686,-1306,1702,-3008,9546
1995-05-02,-3,1995-04-11,98504,37850,60654,38252,-19716,57968,58932
1995-05-02,-2,1995-04-18,110583,38513,72070,12079,663,11416,-172
1995-05-02,-1,1995-04-25,104677,27859,76818,-5906,-10654,4748,-29410
1995-05-02,0,1995-05-02,143181,23425,119756,38504,-4434,42938,16463
1995-05-02,1,1995-05-09,152750,22341,130409,9569,-1084,10653,40414
1995-05-02,2,1995-05-16,173600,18778,154822,20850,-3563,24413,54612
1995-05-02,3,1995-05-23,185384,17255,168129,11784,-1523,13307,66461
1995-05-02,4,1995-05-30,196108,17281,178827,10724,26,10698,45531
1995-05-02,5,1995-06-06,197039,18965,178074,931,1684,-753,63784
1995-05-02,6,1995-06-13,179908,18457,161451,-17131,-508,-16623,-8047
1995-05-02,7,1995-06-20,179372,24968,154404,-536,6511,-7047,80296
1995-05-02,8,1995-06-27,203431,15302,188129,24059,-9666,33725,-50256
1996-01-30,-8,1995-12-05,118492,28768,89724,1808,3630,-1822,-818
1996-01-30,-7,1995-12-12,144270,39016,105254,25778,10248,15530,40409
1996-01-30,-6,1995-12-19,148078,45210,102868,3808,6194,-2386,32870
1996-01-30,-5,1995-12-26,132357,38861,93496,-15721,-6349,-9372,-26510
1996-01-30,-4,1996-01-02,157603,45226,112377,25246,6365,18881,46772
1996-01-30,-3,1996-01-09,119033,45662,73371,-38570,436,-39006,-12933
1996-01-30,-2,1996-01-16,104568,82892,21676,-14465,37230,-51695,29855
1996-01-30,-1,1996-01-23,93198,66444,26754,-11370,-16448,5078,17915
1996-01-30,0,1996-01-30,162504,37725,124779,69306,-28719,98025,44294
1996-01-30,1,1996-02-06,175984,44843,131141,13480,7118,6362,21887
1996-01-30,2,1996-02-13,171254,43326,127928,-4730,-1517,-3213,-2802
1996-01-30,3,1996-02-20,164484,51702,112782,-6770,8376,-15146,-61386
1996-01-30,4,1996-02-27,160114,41517,118597,-4370,-10185,5815,-42589
1996-01-30,5,1996-03-05,140999,42977,98022,-19115,1460,-20575,-20682
1996-01-30,6,1996-03-12,129215,36668,92547,-11784,-6309,-5475,-24544
1996-01-30,7,1996-03-19,93639,50642,42997,-35576,13974,-49550,-50084
1996-01-30,8,1996-03-26,126269,38694,87575,32630,-11948,44578,44393
1996-03-26,-8,1996-01-30,162504,37725,124779,69306,-28719,98025,44294
1996-03-26,-7,1996-02-06,175984,44843,131141,13480,7118,6362,21887
1996-03-26,-6,1996-02-13,171254,43326,127928,-4730,-1517,-3213,-2802
1996-03-26,-5,1996-02-20,164484,51702,112782,-6770,8376,-15146,-61386
1996-03-26,-4,1996-02-27,160114,41517,118597,-4370,-10185,5815,-42589
1996-03-26,-3,1996-03-05,140999,42977,98022,-19115,1460,-20575,-20682
1996-03-26,-2,1996-03-12,129215,36668,92547,-11784,-6309,-5475,-24544
1996-03-26,-1,1996-03-19,93639,50642,42997,-35576,13974,-49550,-50084
1996-03-26,0,1996-03-26,126269,38694,87575,32630,-11948,44578,44393
1996-03-26,1,1996-04-02,145909,40364,105545,19640,1670,17970,62983
1996-03-26,2,1996-04-09,150163,35319,114844,4254,-5045,9299,68514
1996-03-26,3,1996-04-16,134561,28254,106307,-15602,-7065,-8537,65322
1996-03-26,4,1996-04-23,139303,30529,108774,4742,2275,2467,27077
1996-03-26,5,1996-04-30,120072,24082,95990,-19231,-6447,-12784,-65611
1996-03-26,6,1996-05-07,101036,20975,80061,-19036,-3107,-15929,-31314
1996-03-26,7,1996-05-14,111183,21438,89745,10147,463,9684,8011
1996-03-26,8,1996-05-21,107468,26090,81378,-3715,4652,-8367,-4067
1997-03-18,-8,1997-01-21,51750,52425,-675,-7229,3018,-10247,7598
1997-03-18,-7,1997-01-28,52438,61277,-8839,688,8852,-8164,-6485
1997-03-18,-6,1997-02-04,45097,95710,-50613,-7341,34433,-41774,35068
1997-03-18,-5,1997-02-11,48840,86849,-38009,3743,-8861,12604,3776
1997-03-18,-4,1997-02-18,56744,89943,-33199,7904,3094,4810,23067
1997-03-18,-3,1997-02-25,74804,79651,-4847,18060,-10292,28352,-52279
1997-03-18,-2,1997-03-04,91596,71348,20248,16792,-8303,25095,20708
1997-03-18,-1,1997-03-11,98389,77209,21180,6793,5861,932,38902
1997-03-18,0,1997-03-18,127812,68672,59140,29423,-8537,37960,39802
1997-03-18,1,1997-03-25,143729,66726,77003,15917,-1946,17863,64123
1997-03-18,2,1997-04-01,166454,70672,95782,22725,3946,18779,73245
1997-03-18,3,1997-04-08,144090,57780,86310,-22364,-12892,-9472,-45920
1997-03-18,4,1997-04-15,164849,34674,130175,20759,-23106,43865,106182
1997-03-18,5,1997-04-22,162779,30164,132615,-2070,-4510,2440,-18032
1997-03-18,6,1997-04-29,179024,33686,145338,16245,3522,12723,-24679
1997-03-18,7,1997-05-06,146411,29027,117384,-32613,-4659,-27954,-21670
1997-03-18,8,1997-05-13,130241,33201,97040,-16170,4174,-20344,931
1997-09-02,-8,1997-07-08,41721,113875,-72154,5480,3434,2046,35181
1997-09-02,-7,1997-07-15,50980,113123,-62143,9259,-752,10011,57526
1997-09-02,-6,1997-07-22,59448,103915,-44467,8468,-9208,17676,62062
1997-09-02,-5,1997-07-29,64978,93669,-28691,5530,-10246,15776,47629
1997-09-02,-4,1997-08-05,74367,91173,-16806,9389,-2496,11885,46044
1997-09-02,-3,1997-08-12,86713,81403,5310,12346,-9770,22116,9638
1997-09-02,-2,1997-08-19,86008,85335,673,-705,3932,-4637,-20636
1997-09-02,-1,1997-08-26,84813,75910,8903,-1195,-9425,8230,-131719
1997-09-02,0,1997-09-02,126640,63678,62962,41827,-12232,54059,58836
1997-09-02,1,1997-09-09,102044,72548,29496,-24596,8870,-33466,-29640
1997-09-02,2,1997-09-16,82349,75969,6380,-19695,3421,-23116,18660
1997-09-02,3,1997-09-23,81374,78690,2684,-975,2721,-3696,30458
1997-09-02,4,1997-09-30,84737,126053,-41316,3363,47363,-44000,19053
1997-09-02,5,1997-10-07,93737,111369,-17632,9000,-14684,23684,29752
1997-09-02,6,1997-10-14,97045,90742,6303,3308,-20627,23935,-12940
1997-09-02,7,1997-10-21,112976,74740,38236,15931,-16002,31933,6488
1997-09-02,8,1997-10-28,87776,80794,6982,-25200,6054,-31254,-29080
2004-03-23,-8,2004-01-27,64468,15768,48700,-8389,-71,-8318,-5563
2004-03-23,-7,2004-02-03,62966,16486,46480,-1502,718,-2220,1337
2004-03-23,-6,2004-02-10,64066,16857,47209,1100,371,729,8314
2004-03-23,-5,2004-02-17,63451,19726,43725,-615,2869,-3484,5252
2004-03-23,-4,2004-02-24,66883,17654,49229,3432,-2072,5504,-32211
2004-03-23,-3,2004-03-02,66629,18383,48246,-254,729,-983,-11780
2004-03-23,-2,2004-03-09,56137,28778,27359,-10492,10395,-20887,1893
2004-03-23,-1,2004-03-16,50353,37410,12943,-5784,8632,-14416,9326
2004-03-23,0,2004-03-23,80990,14871,66119,30637,-22539,53176,44521
2004-03-23,1,2004-03-30,87024,13993,73031,6034,-878,6912,14216
2004-03-23,2,2004-04-06,84077,14917,69160,-2947,924,-3871,14099
2004-03-23,3,2004-04-12,85179,13317,71862,1102,-1600,2702,-4676
2004-03-23,4,2004-04-20,69962,14384,55578,-15217,1067,-16284,-29931
2004-03-23,5,2004-04-27,60801,18895,41906,-9161,4511,-13672,-29910
2004-03-23,6,2004-05-04,63949,14906,49043,3148,-3989,7137,-3509
2004-03-23,7,2004-05-11,64528,19502,45026,579,4596,-4017,2721
2004-03-23,8,2004-05-18,48553,32990,15563,-15975,13488,-29463,-5757
2015-06-30,-8,2015-05-05,165231,283049,-117818,166,9671,-9505,24484
2015-06-30,-7,2015-05-12,165548,277216,-111668,317,-5833,6150,-5431
2015-06-30,-6,2015-05-19,169854,248618,-78764,4306,-28598,32904,-13411
2015-06-30,-5,2015-05-26,163614,245374,-81760,-6240,-3244,-2996,56
2015-06-30,-4,2015-06-02,153735,236792,-83057,-9879,-8582,-1297,19020
2015-06-30,-3,2015-06-09,161199,200717,-39518,7464,-36075,43539,16436
2015-06-30,-2,2015-06-16,162524,215812,-53288,1325,15095,-13770,1857
2015-06-30,-1,2015-06-23,153597,221581,-67984,-8927,5769,-14696,-22243
2015-06-30,0,2015-06-30,182933,177210,5723,29336,-44371,73707,-58510
2015-06-30,1,2015-07-07,195869,160822,35047,12936,-16388,29324,16075
2015-06-30,2,2015-07-14,198057,161960,36097,2188,1138,1050,16689
2015-06-30,3,2015-07-21,195897,171742,24155,-2160,9782,-11942,17030
2015-06-30,4,2015-07-28,178082,176104,1978,-17815,4362,-22177,-49109
2015-06-30,5,2015-08-04,180387,203590,-23203,2305,27486,-25181,49800
2015-06-30,6,2015-08-11,181382,208898,-27516,995,5308,-4313,-1484
2015-06-30,7,2015-08-18,183137,201160,-18023,1755,-7738,9493,-888
2015-06-30,8,2015-08-25,174267,200886,-26619,-8870,-274,-8596,-109114
2026-02-24,-8,2025-12-30,225376,317874,-92498,5182,-2404,7586,-22372
2026-02-24,-7,2026-01-06,226244,333891,-107647,868,16017,-15149,24800
2026-02-24,-6,2026-01-13,224600,331517,-106917,-1644,-2374,730,22070
2026-02-24,-5,2026-01-20,216935,336753,-119818,-7665,5236,-12901,17824
2026-02-24,-4,2026-01-27,211446,315156,-103710,-5489,-21597,16108,18980
2026-02-24,-3,2026-02-03,216248,308273,-92025,4802,-6883,11685,18845
2026-02-24,-2,2026-02-10,212139,319413,-107274,-4109,11140,-15249,-42596
2026-02-24,-1,2026-02-17,216496,292679,-76183,4357,-26734,31091,-32083
2026-02-24,0,2026-02-24,244592,256213,-11621,28096,-36466,64562,-35288
2026-02-24,1,2026-03-03,227433,243172,-15739,-17159,-13041,-4118,-10268
2026-02-24,2,2026-03-10,229741,231349,-1608,2308,-11823,14131,51799
2026-02-24,3,2026-03-17,234443,231190,3253,4702,-159,4861,36055
2026-02-24,4,2026-03-24,235114,231987,3127,671,797,-126,20580
2026-02-24,5,2026-03-31,253208,223740,29468,18094,-8247,26341,-5560
2026-02-24,6,2026-04-07,248016,240918,7098,-5192,17178,-22370,11111
2026-02-24,7,2026-04-14,224683,220287,4396,-23333,-20631,-2702,-42191
2026-02-24,8,2026-04-21,223079,209706,13373,-1604,-10581,8977,1537
2026-09-01,-8,2026-07-07,194000,264441,-70441,7843,-2704,10547,26039
2026-09-01,-7,2026-07-14,200854,229064,-28210,6854,-35377,42231,44053
2026-09-01,-6,2026-07-21,200854,197658,3196,0,-31406,31406,93816
2026-09-01,-5,2026-07-28,204366,185379,18987,3512,-12279,15791,-8416
2026-09-01,-4,2026-08-04,202709,194526,8183,-1657,9147,-10804,6224
2026-09-01,-3,2026-08-11,194266,201969,-7703,-8443,7443,-15886,-720
2026-09-01,-2,2026-08-18,200519,195499,5020,6253,-6470,12723,-16442
2026-09-01,-1,2026-08-25,219087,194924,24163,18568,-575,19143,-68184
2026-09-01,0,2026-09-01,255869,181581,74288,36782,-13343,50125,94005
