ticker,support_id,support_mid,touch_seq,touch_date,touch_low,touch_close
ibb,S1,171.900246,1,2021-01-26,164.539993,164.830002
ibb,S1,171.900246,2,2021-02-16,166.5,167.009995
ibb,S1,171.900246,3,2021-08-16,164.789993,167.399994
ibb,S1,171.900246,4,2021-09-27,167.050003,167.509995
ibb,S1,171.900246,5,2025-11-20,164.110001,164.240005
ibb,S1,171.900246,6,2026-01-05,165.089996,167.339996
ibb,S1,171.900246,7,2026-03-05,167.369995,168.669998
ibb,S1,171.900246,8,2026-03-13,164.779999,165.509995
ibb,S1,171.900246,9,2026-04-07,165.860001,168.5
ibb,S1,171.900246,10,2026-04-28,167.509995,167.809998
ibb,S1,171.900246,11,2026-04-30,165.979996,168.690002
ibb,S1,171.900246,12,2026-05-15,166.720001,166.830002
ibb,S1,171.900246,13,2026-05-22,168.660004,168.789993
ibb,S1,171.900246,14,2026-06-10,165.880005,165.929993
ibb,S2,164.183879,1,2021-01-27,159.309998,159.850006
ibb,S2,164.183879,2,2021-02-25,156.080002,157.149994
ibb,S2,164.183879,3,2021-06-07,153.0,158.279999
ibb,S2,164.183879,4,2021-06-15,158.889999,159.440002
ibb,S2,164.183879,5,2021-07-14,158.529999,158.889999
ibb,S2,164.183879,6,2021-07-16,159.559998,160.679993
ibb,S2,164.183879,7,2021-08-11,166.360001,167.850006
ibb,S2,164.183879,8,2021-08-16,164.789993,167.399994
ibb,S2,164.183879,9,2021-08-19,164.270004,164.619995
ibb,S2,164.183879,10,2021-09-29,161.160004,161.410004
ibb,S2,164.183879,11,2021-10-26,159.649994,160.039993
ibb,S2,164.183879,12,2021-11-01,158.949997,161.630005
ibb,S2,164.183879,13,2025-11-13,163.240005,163.320007
ibb,S2,164.183879,14,2025-12-09,166.940002,167.089996
ibb,S2,164.183879,15,2025-12-18,165.699997,166.190002
ibb,S2,164.183879,16,2026-01-05,165.089996,167.339996
ibb,S2,164.183879,17,2026-01-20,165.809998,170.720001
ibb,S2,164.183879,18,2026-03-06,165.309998,167.559998
ibb,S2,164.183879,19,2026-03-27,160.270004,160.410004
ibb,S2,164.183879,20,2026-04-02,167.139999,169.429993
ibb,S2,164.183879,21,2026-04-07,165.860001,168.5
ibb,S2,164.183879,22,2026-04-29,164.020004,165.380005
ibb,S2,164.183879,23,2026-05-18,163.110001,164.029999
ibb,S2,164.183879,24,2026-06-02,163.899994,164.270004
ibb,S2,164.183879,25,2026-06-10,165.880005,165.929993
ibb,S3,148.857421,1,2020-12-01,144.860001,145.320007
ibb,S3,148.857421,2,2020-12-03,144.630005,146.440002
ibb,S3,148.857421,3,2020-12-29,151.089996,151.910004
ibb,S3,148.857421,4,2021-01-04,148.5,150.490005
ibb,S3,148.857421,5,2021-03-04,145.240005,147.139999
ibb,S3,148.857421,6,2021-04-12,145.669998,146.5
ibb,S3,148.857421,7,2021-04-19,150.679993,151.580002
ibb,S3,148.857421,8,2021-05-13,144.389999,146.130005
ibb,S3,148.857421,9,2021-11-23,150.210007,153.009995
ibb,S3,148.857421,10,2021-12-06,143.25,145.270004
ibb,S3,148.857421,11,2021-12-22,151.75,153.759995
ibb,S3,148.857421,12,2021-12-28,151.830002,152.199997
ibb,S3,148.857421,13,2022-01-05,142.300003,142.5
ibb,S3,148.857421,14,2024-07-12,144.539993,145.029999
ibb,S3,148.857421,15,2024-07-18,143.610001,144.119995
ibb,S3,148.857421,16,2024-07-23,145.029999,145.350006
ibb,S3,148.857421,17,2024-09-04,144.5,145.5
ibb,S3,148.857421,18,2024-09-12,143.320007,145.559998
ibb,S3,148.857421,19,2024-10-17,145.649994,145.690002
ibb,S3,148.857421,20,2024-11-13,143.800003,143.800003
ibb,S3,148.857421,21,2025-10-01,144.649994,148.509995
ibb,S4,138.351995,1,2020-06-29,133.570007,134.679993
ibb,S4,138.351995,2,2020-07-31,132.710007,134.369995
ibb,S4,138.351995,3,2020-08-18,133.990005,135.220001
ibb,S4,138.351995,4,2020-09-01,132.649994,133.020004
ibb,S4,138.351995,5,2020-09-17,133.910004,135.630005
ibb,S4,138.351995,6,2020-10-02,133.169998,133.869995
ibb,S4,138.351995,7,2020-10-21,134.190002,134.190002
ibb,S4,138.351995,8,2020-11-09,136.759995,137.630005
ibb,S4,138.351995,9,2022-01-07,140.460007,140.550003
ibb,S4,138.351995,10,2022-01-18,133.050003,133.460007
ibb,S4,138.351995,11,2022-11-16,133.759995,134.210007
ibb,S4,138.351995,12,2022-11-28,132.509995,132.889999
ibb,S4,138.351995,13,2022-12-05,134.649994,135.490005
ibb,S4,138.351995,14,2022-12-09,132.970001,133.009995
ibb,S4,138.351995,15,2022-12-15,133.570007,134.240005
ibb,S4,138.351995,16,2023-01-18,135.119995,135.259995
ibb,S4,138.351995,17,2023-02-08,133.270004,133.330002
ibb,S4,138.351995,18,2023-12-29,135.600006,135.850006
ibb,S4,138.351995,19,2024-01-31,134.229996,134.380005
ibb,S4,138.351995,20,2024-02-07,133.429993,133.720001
ibb,S4,138.351995,21,2024-02-12,134.089996,135.759995
ibb,S4,138.351995,22,2024-02-20,134.160004,134.869995
ibb,S4,138.351995,23,2024-04-02,133.589996,133.889999
ibb,S4,138.351995,24,2024-05-28,133.240005,134.080002
ibb,S4,138.351995,25,2024-06-18,134.259995,134.380005
ibb,S4,138.351995,26,2024-08-07,137.899994,138.190002
ibb,S4,138.351995,27,2024-08-12,140.529999,141.559998
ibb,S4,138.351995,28,2024-10-31,139.960007,140.289993
ibb,S4,138.351995,29,2024-11-15,133.190002,133.380005
ibb,S4,138.351995,30,2024-11-21,133.619995,136.100006
ibb,S4,138.351995,31,2024-12-18,131.669998,132.320007
ibb,S4,138.351995,32,2025-01-07,134.449997,135.470001
ibb,S4,138.351995,33,2025-01-21,133.529999,136.100006
ibb,S4,138.351995,34,2025-03-03,133.699997,134.240005
ibb,S4,138.351995,35,2025-03-11,132.119995,133.990005
ibb,S4,138.351995,36,2025-03-17,133.779999,136.100006
ibb,S4,138.351995,37,2025-07-31,132.429993,132.759995
ibb,S4,138.351995,38,2025-08-04,132.830002,135.369995
ibb,S4,138.351995,39,2025-08-25,136.889999,137.070007
ibb,S4,138.351995,40,2025-09-10,140.169998,140.649994
ibb,S4,138.351995,41,2025-09-25,138.789993,139.070007
ibb,S5,129.475362,1,2015-06-24,125.519997,125.863335
ibb,S5,129.475362,2,2015-07-14,126.416664,129.313339
ibb,S5,129.475362,3,2015-07-24,125.32,125.860001
ibb,S5,129.475362,4,2015-07-29,124.893333,125.809998
ibb,S5,129.475362,5,2015-08-06,123.209999,123.360001
ibb,S5,129.475362,6,2020-04-20,123.519997,126.25
ibb,S5,129.475362,7,2020-04-28,124.18,124.809998
ibb,S5,129.475362,8,2020-05-05,125.599998,126.980003
ibb,S5,129.475362,9,2020-05-26,130.699997,130.809998
ibb,S5,129.475362,10,2020-06-02,131.529999,134.429993
ibb,S5,129.475362,11,2020-06-05,130.089996,131.350006
ibb,S5,129.475362,12,2020-06-11,127.190002,127.410004
ibb,S5,129.475362,13,2020-06-18,131.639999,133.490005
ibb,S5,129.475362,14,2020-08-11,131.679993,131.880005
ibb,S5,129.475362,15,2020-08-24,130.190002,131.050003
ibb,S5,129.475362,16,2020-08-27,131.690002,132.669998
ibb,S5,129.475362,17,2020-09-08,126.220001,126.879997
ibb,S5,129.475362,18,2020-09-24,129.25,130.690002
ibb,S5,129.475362,19,2020-11-02,128.229996,130.380005
ibb,S5,129.475362,20,2022-01-27,123.5,123.68
ibb,S5,129.475362,21,2022-02-18,124.07,125.040001
ibb,S5,129.475362,22,2022-03-25,127.169998,128.160004
ibb,S5,129.475362,23,2022-04-06,130.610001,132.479996
ibb,S5,129.475362,24,2022-04-21,125.800003,125.959999
ibb,S5,129.475362,25,2022-08-03,125.32,127.330002
ibb,S5,129.475362,26,2022-08-22,125.07,125.610001
ibb,S5,129.475362,27,2022-08-26,122.550003,122.949997
ibb,S5,129.475362,28,2022-09-08,122.769997,126.980003
ibb,S5,129.475362,29,2022-10-27,124.589996,124.879997
ibb,S5,129.475362,30,2022-11-17,131.889999,133.279999
ibb,S5,129.475362,31,2022-11-22,131.690002,134.050003
ibb,S5,129.475362,32,2022-11-29,131.970001,132.270004
ibb,S5,129.475362,33,2022-12-28,128.059998,128.389999
ibb,S5,129.475362,34,2023-01-12,131.929993,135.110001
ibb,S5,129.475362,35,2023-02-10,131.119995,132.360001
ibb,S5,129.475362,36,2023-03-09,123.400002,123.949997
ibb,S5,129.475362,37,2023-03-14,125.809998,126.949997
ibb,S5,129.475362,38,2023-03-16,123.730003,126.739998
ibb,S5,129.475362,39,2023-03-30,126.620003,127.230003
ibb,S5,129.475362,40,2023-04-20,131.600006,131.940002
ibb,S5,129.475362,41,2023-06-27,125.139999,125.529999
ibb,S5,129.475362,42,2023-07-03,126.129997,126.809998
ibb,S5,129.475362,43,2023-08-16,126.160004,126.18
ibb,S5,129.475362,44,2023-09-15,126.360001,126.610001
ibb,S5,129.475362,45,2023-12-20,128.850006,128.880005
ibb,S5,129.475362,46,2024-02-13,131.270004,132.300003
ibb,S5,129.475362,47,2024-04-04,131.470001,131.630005
ibb,S5,129.475362,48,2024-04-17,125.870003,125.889999
ibb,S5,129.475362,49,2024-04-25,124.400002,125.669998
ibb,S5,129.475362,50,2024-05-06,131.850006,133.020004
ibb,S5,129.475362,51,2024-05-29,131.550003,132.509995
ibb,S5,129.475362,52,2024-11-19,131.559998,133.389999
ibb,S5,129.475362,53,2024-12-19,129.610001,131.210007
ibb,S5,129.475362,54,2024-12-30,130.979996,131.669998
ibb,S5,129.475362,55,2025-01-14,131.220001,131.570007
ibb,S5,129.475362,56,2025-01-16,132.059998,132.960007
ibb,S5,129.475362,57,2025-03-21,131.970001,133.580002
ibb,S5,129.475362,58,2025-04-01,124.150002,124.440002
ibb,S5,129.475362,59,2025-06-17,125.150002,125.32
ibb,S5,129.475362,60,2025-06-20,124.769997,125.510002
ibb,S5,129.475362,61,2025-06-27,125.900002,126.470001
ibb,S5,129.475362,62,2025-08-01,130.979996,133.039993
ibb,S5,129.475362,63,2025-08-07,130.25,131.229996
ibb,S6,118.501895,1,2015-03-05,114.589996,115.889999
ibb,S6,118.501895,2,2015-03-13,114.089996,115.110001
ibb,S6,118.501895,3,2015-03-25,113.58667,113.76667
ibb,S6,118.501895,4,2015-03-31,114.476669,114.476669
ibb,S6,118.501895,5,2015-04-08,114.309998,117.33667
ibb,S6,118.501895,6,2015-04-28,112.866669,114.833336
ibb,S6,118.501895,7,2015-05-04,114.769997,115.063332
ibb,S6,118.501895,8,2015-05-13,116.396667,116.949997
ibb,S6,118.501895,9,2015-05-26,119.5,120.099998
ibb,S6,118.501895,10,2015-06-04,120.019997,120.93
ibb,S6,118.501895,11,2015-06-09,119.489998,120.213333
ibb,S6,118.501895,12,2015-06-15,119.410004,121.226669
ibb,S6,118.501895,13,2015-06-29,120.190002,120.190002
ibb,S6,118.501895,14,2015-07-08,120.629997,120.926666
ibb,S6,118.501895,15,2015-08-07,120.543335,122.889999
ibb,S6,118.501895,16,2015-08-12,119.036667,123.386665
ibb,S6,118.501895,17,2015-08-14,119.706665,121.353333
ibb,S6,118.501895,18,2015-08-21,113.26667,113.279999
ibb,S6,118.501895,19,2015-08-31,113.629997,113.996666
ibb,S6,118.501895,20,2015-09-03,112.5,112.876663
ibb,S6,118.501895,21,2015-09-21,112.519997,113.489998
ibb,S6,118.501895,22,2018-01-31,113.699997,114.080002
ibb,S6,118.501895,23,2018-07-27,114.589996,115.410004
ibb,S6,118.501895,24,2018-08-15,115.0,115.379997
ibb,S6,118.501895,25,2018-09-17,116.019997,116.209999
ibb,S6,118.501895,26,2018-10-09,114.839996,115.129997
ibb,S6,118.501895,27,2019-11-25,116.160004,118.25
ibb,S6,118.501895,28,2020-01-03,117.769997,118.360001
ibb,S6,118.501895,29,2020-01-30,114.739998,115.540001
ibb,S6,118.501895,30,2020-02-03,114.709999,115.82
ibb,S6,118.501895,31,2020-02-27,113.43,113.43
ibb,S6,118.501895,32,2020-03-03,114.68,116.230003
ibb,S6,118.501895,33,2020-04-15,115.139999,115.690002
ibb,S6,118.501895,34,2020-05-01,119.650002,120.900002
ibb,S6,118.501895,35,2022-02-24,118.629997,124.589996
ibb,S6,118.501895,36,2022-03-08,118.599998,120.32
ibb,S6,118.501895,37,2022-03-14,118.980003,119.599998
ibb,S6,118.501895,38,2022-04-29,116.5,116.650002
ibb,S6,118.501895,39,2022-05-17,114.260002,116.519997
ibb,S6,118.501895,40,2022-05-20,112.599998,115.610001
ibb,S6,118.501895,41,2022-06-09,113.900002,113.980003
ibb,S6,118.501895,42,2022-06-28,116.870003,117.360001
ibb,S6,118.501895,43,2022-07-18,119.889999,120.519997
ibb,S6,118.501895,44,2022-08-30,120.510002,121.139999
ibb,S6,118.501895,45,2022-09-06,119.339996,119.540001
ibb,S6,118.501895,46,2022-09-26,113.370003,113.419998
ibb,S6,118.501895,47,2022-10-10,117.32,117.949997
ibb,S6,118.501895,48,2022-10-20,117.389999,117.580002
ibb,S6,118.501895,49,2023-03-10,120.720001,121.970001
ibb,S6,118.501895,50,2023-10-03,118.709999,119.32
ibb,S6,118.501895,51,2023-10-09,120.370003,122.040001
ibb,S6,118.501895,52,2023-10-13,120.699997,121.629997
ibb,S6,118.501895,53,2023-10-25,114.5,115.110001
ibb,S6,118.501895,54,2023-11-09,114.769997,114.980003
ibb,S6,118.501895,55,2023-11-16,116.699997,117.029999
ibb,S6,118.501895,56,2025-04-08,110.559998,112.019997
ibb,S6,118.501895,57,2025-05-09,116.489998,116.629997
ibb,S6,118.501895,58,2025-05-23,119.779999,121.25
ibb,S6,118.501895,59,2025-05-30,120.330002,121.720001
ibb,S7,109.356264,1,2015-01-13,103.793335,104.989998
ibb,S7,109.356264,2,2015-01-21,105.853333,106.16333
ibb,S7,109.356264,3,2015-02-03,103.376663,105.93
ibb,S7,109.356264,4,2015-02-06,104.93,105.196671
ibb,S7,109.356264,5,2015-02-11,105.150002,105.75
ibb,S7,109.356264,6,2015-02-13,106.043335,107.82
ibb,S7,109.356264,7,2015-02-24,110.959999,111.716667
ibb,S7,109.356264,8,2015-03-03,111.323334,112.639999
ibb,S7,109.356264,9,2015-03-26,111.260002,113.603333
ibb,S7,109.356264,10,2015-04-01,111.373337,113.360001
ibb,S7,109.356264,11,2015-04-30,110.199997,111.220001
ibb,S7,109.356264,12,2015-08-24,94.720001,108.293335
ibb,S7,109.356264,13,2015-09-01,110.566666,111.113335
ibb,S7,109.356264,14,2015-09-04,110.673332,112.366669
ibb,S7,109.356264,15,2015-09-25,101.519997,103.41333
ibb,S7,109.356264,16,2015-10-26,103.75,105.816666
ibb,S7,109.356264,17,2015-12-11,106.5,106.629997
ibb,S7,109.356264,18,2016-01-06,106.01667,107.040001
ibb,S7,109.356264,19,2017-07-31,106.26667,106.363335
ibb,S7,109.356264,20,2017-08-30,105.76667,108.106667
ibb,S7,109.356264,21,2017-10-25,106.43,107.150002
ibb,S7,109.356264,22,2017-12-11,105.779999,106.230003
ibb,S7,109.356264,23,2017-12-14,104.830002,105.169998
ibb,S7,109.356264,24,2017-12-18,106.239998,106.360001
ibb,S7,109.356264,25,2017-12-29,106.68,106.769997
ibb,S7,109.356264,26,2018-02-08,104.760002,104.860001
ibb,S7,109.356264,27,2018-03-01,106.120003,107.040001
ibb,S7,109.356264,28,2018-03-27,104.669998,105.120003
ibb,S7,109.356264,29,2018-04-13,105.379997,105.959999
ibb,S7,109.356264,30,2018-04-19,105.519997,105.889999
ibb,S7,109.356264,31,2018-05-14,106.800003,107.68
ibb,S7,109.356264,32,2018-05-21,105.93,106.379997
ibb,S7,109.356264,33,2018-06-27,107.290001,107.339996
ibb,S7,109.356264,34,2018-10-11,108.230003,109.080002
ibb,S7,109.356264,35,2018-10-24,102.120003,102.809998
ibb,S7,109.356264,36,2018-11-12,104.099998,104.449997
ibb,S7,109.356264,37,2018-12-04,106.410004,106.709999
ibb,S7,109.356264,38,2019-02-07,106.629997,107.129997
ibb,S7,109.356264,39,2019-03-08,107.529999,108.610001
ibb,S7,109.356264,40,2019-03-22,108.110001,108.169998
ibb,S7,109.356264,41,2019-04-17,104.459999,105.139999
ibb,S7,109.356264,42,2019-04-23,104.349998,106.800003
ibb,S7,109.356264,43,2019-04-30,105.300003,106.419998
ibb,S7,109.356264,44,2019-05-07,104.800003,105.629997
ibb,S7,109.356264,45,2019-06-26,105.459999,105.82
ibb,S7,109.356264,46,2019-10-22,105.300003,105.300003
ibb,S7,109.356264,47,2019-10-28,105.709999,107.0
ibb,S7,109.356264,48,2020-02-28,109.699997,113.879997
ibb,S7,109.356264,49,2020-03-11,105.720001,106.970001
ibb,S7,109.356264,50,2020-03-27,104.120003,104.709999
ibb,S7,109.356264,51,2020-04-03,105.43,106.25
ibb,S7,109.356264,52,2022-05-11,106.139999,106.459999
ibb,S7,109.356264,53,2022-06-13,105.379997,105.970001
ibb,S7,109.356264,54,2022-06-15,106.230003,108.660004
ibb,S7,109.356264,55,2022-06-17,106.32,109.559998
ibb,S7,109.356264,56,2025-04-08,110.559998,112.019997
ibb,S8,102.236373,1,2014-12-16,97.65667,97.889999
ibb,S8,102.236373,2,2015-01-22,103.706665,106.989998
ibb,S8,102.236373,3,2015-02-04,101.669998,104.183334
ibb,S8,102.236373,4,2015-08-24,94.720001,108.293335
ibb,S8,102.236373,5,2015-09-29,95.503334,96.493332
ibb,S8,102.236373,6,2015-11-12,101.93,106.703331
ibb,S8,102.236373,7,2016-01-11,95.010002,97.230003
ibb,S8,102.236373,8,2017-03-02,99.713333,99.93
ibb,S8,102.236373,9,2017-03-10,98.879997,100.199997
ibb,S8,102.236373,10,2017-03-16,99.050003,99.529999
ibb,S8,102.236373,11,2017-06-19,97.896667,99.93
ibb,S8,102.236373,12,2017-07-10,102.830002,103.313332
ibb,S8,102.236373,13,2017-07-18,104.226669,105.046669
ibb,S8,102.236373,14,2017-08-04,104.269997,105.193336
ibb,S8,102.236373,15,2017-08-18,100.893333,101.353333
ibb,S8,102.236373,16,2017-10-26,104.006668,104.660004
ibb,S8,102.236373,17,2017-11-02,103.559998,104.019997
ibb,S8,102.236373,18,2017-11-14,100.683334,101.683334
ibb,S8,102.236373,19,2018-02-09,101.019997,105.669998
ibb,S8,102.236373,20,2018-04-06,100.220001,101.029999
ibb,S8,102.236373,21,2018-04-25,102.309998,103.260002
ibb,S8,102.236373,22,2018-05-03,100.43,101.279999
ibb,S8,102.236373,23,2018-10-29,100.660004,102.610001
ibb,S8,102.236373,24,2018-11-14,101.290001,101.919998
ibb,S8,102.236373,25,2018-12-07,103.0,103.639999
ibb,S8,102.236373,26,2018-12-18,97.080002,98.309998
ibb,S8,102.236373,27,2019-01-04,99.040001,102.550003
ibb,S8,102.236373,28,2019-04-18,102.82,104.540001
ibb,S8,102.236373,29,2019-05-31,99.839996,99.980003
ibb,S8,102.236373,30,2019-07-25,104.190002,104.199997
ibb,S8,102.236373,31,2019-08-05,101.43,102.290001
ibb,S8,102.236373,32,2019-09-03,100.720001,101.150002
ibb,S8,102.236373,33,2019-09-18,103.349998,104.440002
ibb,S8,102.236373,34,2019-10-01,97.730003,98.0
ibb,S8,102.236373,35,2019-10-07,99.040001,99.410004
ibb,S8,102.236373,36,2019-10-11,99.660004,100.239998
ibb,S8,102.236373,37,2020-03-16,92.150002,94.389999
ibb,S8,102.236373,38,2020-03-25,101.379997,102.0
ibb,S8,102.236373,39,2020-04-01,103.0,103.790001
ibb,S9,94.049824,1,2014-08-27,91.333336,91.686668
ibb,S9,94.049824,2,2014-09-03,91.529999,91.82
ibb,S9,94.049824,3,2014-09-19,91.029999,91.743332
ibb,S9,94.049824,4,2014-09-30,90.739998,91.209999
ibb,S9,94.049824,5,2014-10-22,91.166664,92.080002
ibb,S9,94.049824,6,2014-11-05,95.903336,96.300003
ibb,S9,94.049824,7,2014-11-07,95.57,96.713333
ibb,S9,94.049824,8,2014-11-14,95.370003,96.056664
ibb,S9,94.049824,9,2015-08-24,94.720001,108.293335
ibb,S9,94.049824,10,2015-09-29,95.503334,96.493332
ibb,S9,94.049824,11,2016-01-27,90.489998,91.133331
ibb,S9,94.049824,12,2016-04-11,90.599998,90.900002
ibb,S9,94.049824,13,2016-06-09,91.120003,91.193336
ibb,S9,94.049824,14,2016-07-20,89.353333,92.18
ibb,S9,94.049824,15,2016-09-09,92.876663,92.876663
ibb,S9,94.049824,16,2016-09-29,95.053329,95.290001
ibb,S9,94.049824,17,2016-10-12,89.933334,90.043335
ibb,S9,94.049824,18,2016-11-30,91.296669,91.356667
ibb,S9,94.049824,19,2017-01-19,91.09333,91.493332
ibb,S9,94.049824,20,2017-01-31,89.186668,92.690002
ibb,S9,94.049824,21,2017-02-23,95.386665,96.440002
ibb,S9,94.049824,22,2017-03-22,95.83667,96.639999
ibb,S9,94.049824,23,2017-03-27,95.553329,97.713333
ibb,S9,94.049824,24,2017-04-05,95.526665,95.806664
ibb,S9,94.049824,25,2017-04-11,95.283333,96.123337
ibb,S9,94.049824,26,2017-04-21,95.533333,95.830002
ibb,S9,94.049824,27,2017-05-30,94.566666,94.76667
ibb,S9,94.049824,28,2018-12-21,90.470001,90.860001
ibb,S9,94.049824,29,2018-12-26,90.129997,94.809998
ibb,S9,94.049824,30,2020-03-16,92.150002,94.389999
ibb,S9,94.049824,31,2020-03-23,94.169998,97.5
ibb,S10,87.05067,1,2014-02-12,85.099998,85.279999
ibb,S10,87.05067,2,2014-03-03,86.260002,87.970001
ibb,S10,87.05067,3,2014-03-21,81.953331,82.003334
ibb,S10,87.05067,4,2014-07-15,83.629997,84.143333
ibb,S10,87.05067,5,2014-07-24,84.896667,85.150002
ibb,S10,87.05067,6,2014-07-29,83.773331,84.926666
ibb,S10,87.05067,7,2014-08-13,84.203331,85.709999
ibb,S10,87.05067,8,2014-09-05,88.519997,90.199997
ibb,S10,87.05067,9,2014-09-15,87.879997,88.696671
ibb,S10,87.05067,10,2014-10-02,88.213333,89.529999
ibb,S10,87.05067,11,2014-10-07,88.683334,88.873337
ibb,S10,87.05067,12,2014-10-14,83.886665,85.089996
ibb,S10,87.05067,13,2016-02-05,84.283333,85.41333
ibb,S10,87.05067,14,2016-02-10,82.879997,83.309998
ibb,S10,87.05067,15,2016-03-15,83.480003,83.823334
ibb,S10,87.05067,16,2016-03-28,83.856667,84.026665
ibb,S10,87.05067,17,2016-05-12,82.966667,83.910004
ibb,S10,87.05067,18,2016-06-24,82.943336,83.013336
ibb,S10,87.05067,19,2016-06-29,83.946671,85.349998
ibb,S10,87.05067,20,2016-10-17,87.51667,88.573334
ibb,S10,87.05067,21,2016-11-03,82.236664,82.290001
ibb,S10,87.05067,22,2016-11-07,85.206665,87.056664
ibb,S10,87.05067,23,2016-12-07,87.216667,88.760002
ibb,S10,87.05067,24,2016-12-12,88.589996,89.176666
ibb,S10,87.05067,25,2016-12-22,88.449997,88.900002
ibb,S10,87.05067,26,2016-12-30,87.973335,88.459999
ibb,S11,80.551143,1,2014-01-13,77.996666,78.503334
ibb,S11,80.551143,2,2014-01-27,78.050003,79.533333
ibb,S11,80.551143,3,2014-02-06,78.620003,78.93
ibb,S11,80.551143,4,2014-03-28,76.230003,76.459999
ibb,S11,80.551143,5,2014-04-04,74.620003,75.099998
ibb,S11,80.551143,6,2014-05-28,79.669998,79.863335
ibb,S11,80.551143,7,2014-06-10,81.953331,83.099998
ibb,S11,80.551143,8,2014-06-13,81.723335,82.529999
ibb,S11,80.551143,9,2014-07-17,80.786667,81.023331
ibb,S11,80.551143,10,2016-02-08,81.26667,82.706665
ibb,S11,80.551143,11,2016-02-11,80.183334,81.346664
ibb,S11,80.551143,12,2016-03-17,80.616669,82.363335
ibb,S11,80.551143,13,2016-06-27,80.099998,80.496666
ibb,S12,73.285085,1,2013-12-17,70.856667,71.129997
ibb,S12,73.285085,2,2013-12-24,74.743332,75.166664
ibb,S12,73.285085,3,2013-12-30,74.716667,75.613335
ibb,S12,73.285085,4,2014-01-06,74.096664,74.606667
ibb,S12,73.285085,5,2014-04-04,74.620003,75.099998
ibb,S12,73.285085,6,2014-04-14,70.449997,71.790001
ibb,S12,73.285085,7,2014-04-28,72.470001,74.353333
ibb,S12,73.285085,8,2014-05-08,74.290001,74.449997
ibb,S13,69.229637,1,2013-09-09,67.510002,68.566666
ibb,S13,69.229637,2,2013-10-08,66.23333,66.23333
ibb,S13,69.229637,3,2013-11-07,65.813332,65.940002
ibb,S13,69.229637,4,2014-04-14,70.449997,71.790001
ibb,S14,63.235265,1,2013-05-15,60.956669,61.34
ibb,S14,63.235265,2,2013-07-11,62.220001,62.790001
ibb,S14,63.235265,3,2013-07-23,64.09333,64.116669
ibb,S14,63.235265,4,2013-08-19,62.349998,62.369999
ibb,S14,63.235265,5,2013-08-27,63.669998,63.756668
ibb,S14,63.235265,6,2013-10-09,63.763332,64.833336
ibb,S15,59.20271,1,2013-04-22,57.529999,57.990002
ibb,S15,59.20271,2,2013-04-26,57.333332,57.709999
ibb,S15,59.20271,3,2013-05-01,56.936668,57.056667
ibb,S15,59.20271,4,2013-05-20,59.806667,59.919998
ibb,S15,59.20271,5,2013-06-05,56.403332,56.753334
ibb,S15,59.20271,6,2013-06-28,57.816666,57.959999
ibb,S16,55.411383,1,2013-04-03,52.843334,53.16
ibb,S16,55.411383,2,2013-04-15,54.796665,54.893333
ibb,S16,55.411383,3,2013-04-24,56.5,56.556667
ibb,S16,55.411383,4,2013-06-05,56.403332,56.753334
ibb,S16,55.411383,5,2013-06-20,55.676666,55.973331
ibb,S17,45.614815,1,2012-07-03,44.243332,44.686668
ibb,S17,45.614815,2,2012-07-19,44.476665,44.706669
ibb,S17,45.614815,3,2012-08-01,43.763332,43.763332
ibb,S17,45.614815,4,2012-08-03,44.099998,44.130001
ibb,S17,45.614815,5,2012-08-07,44.376667,44.593334
ibb,S17,45.614815,6,2012-08-16,44.336666,44.566666
ibb,S17,45.614815,7,2012-08-22,44.186668,44.673332
ibb,S17,45.614815,8,2012-09-12,46.220001,46.450001
ibb,S17,45.614815,9,2012-10-31,43.849998,43.956669
ibb,S17,45.614815,10,2012-11-20,44.363335,45.403332
ibb,S17,45.614815,11,2012-12-28,44.926666,44.98
ibb,S18,41.769168,1,2012-03-29,40.613335,40.93
ibb,S18,41.769168,2,2012-05-04,40.603333,40.610001
ibb,S18,41.769168,3,2012-05-31,40.686668,41.07
ibb,S18,41.769168,4,2012-06-11,40.439999,40.446667
ibb,S18,41.769168,5,2012-06-28,41.603333,42.183334
ibb,S18,41.769168,6,2012-07-12,42.48,43.543331
ibb,S18,41.769168,7,2012-11-09,41.876667,43.336666
ibb,S18,41.769168,8,2012-11-15,42.456669,42.853333
ibb,S19,38.167247,1,2012-01-12,36.886665,37.436668
ibb,S19,38.167247,2,2012-02-22,38.546665,38.900002
ibb,S19,38.167247,3,2012-03-06,38.610001,38.846668
ibb,S19,38.167247,4,2012-04-16,38.810001,39.246666
ibb,S19,38.167247,5,2012-05-18,38.323334,40.133331
ibb,S20,34.427086,1,2001-02-13,33.348957,33.484375
ibb,S20,34.427086,2,2001-05-23,32.799999,32.900002
ibb,S20,34.427086,3,2001-06-01,32.0,33.700001
ibb,S20,34.427086,4,2001-06-11,33.5,33.933334
ibb,S20,34.427086,5,2001-06-13,33.366669,33.366669
ibb,S20,34.427086,6,2001-06-22,32.700001,32.883331
ibb,S20,34.427086,7,2011-04-04,33.643333,33.713333
ibb,S20,34.427086,8,2011-05-05,34.93,35.003334
ibb,S20,34.427086,9,2011-06-17,33.813332,33.873333
ibb,S20,34.427086,10,2011-07-18,35.040001,35.386665
ibb,S20,34.427086,11,2011-08-02,33.043331,33.073334
ibb,S20,34.427086,12,2011-12-08,33.216667,33.293331
ibb,S20,34.427086,13,2011-12-13,33.006668,33.143333
ibb,S20,34.427086,14,2011-12-19,33.27,33.346668
ibb,S21,32.71674,1,2001-02-21,31.479168,31.484375
ibb,S21,32.71674,2,2001-02-28,31.682293,32.302082
ibb,S21,32.71674,3,2001-05-17,30.933332,32.633331
ibb,S21,32.71674,4,2001-05-23,32.799999,32.900002
ibb,S21,32.71674,5,2001-05-30,32.233334,32.343334
ibb,S21,32.71674,6,2001-06-19,32.266666,32.316666
ibb,S21,32.71674,7,2001-07-05,31.673332,31.673332
ibb,S21,32.71674,8,2001-11-27,31.483334,31.696667
ibb,S21,32.71674,9,2001-12-07,31.35,31.700001
ibb,S21,32.71674,10,2011-01-19,31.556667,31.636667
ibb,S21,32.71674,11,2011-03-07,31.516666,31.83
ibb,S21,32.71674,12,2011-03-28,32.113335,32.113335
ibb,S21,32.71674,13,2011-08-04,30.413334,30.440001
ibb,S21,32.71674,14,2011-09-01,31.476667,31.583332
ibb,S21,32.71674,15,2011-09-08,31.943333,32.263332
ibb,S21,32.71674,16,2011-09-13,31.473333,31.953333
ibb,S21,32.71674,17,2011-09-28,31.333332,31.346666
ibb,S21,32.71674,18,2011-10-19,31.66,31.706667
ibb,S21,32.71674,19,2011-11-04,31.786667,31.996668
ibb,S21,32.71674,20,2011-11-25,31.866667,31.876667
ibb,S21,32.71674,21,2011-12-08,33.216667,33.293331
ibb,S21,32.71674,22,2011-12-14,32.866669,33.040001
ibb,S22,30.276879,1,2001-02-22,30.333332,30.333332
ibb,S22,30.276879,2,2001-03-01,30.598957,31.734375
ibb,S22,30.276879,3,2001-03-09,28.833332,28.833332
ibb,S22,30.276879,4,2001-05-03,29.266666,29.316668
ibb,S22,30.276879,5,2001-07-06,30.533333,30.866667
ibb,S22,30.276879,6,2001-07-11,28.816668,29.166668
ibb,S22,30.276879,7,2001-08-29,29.333332,29.5
ibb,S22,30.276879,8,2001-10-29,29.049999,29.049999
ibb,S22,30.276879,9,2001-11-08,29.113333,29.163334
ibb,S22,30.276879,10,2001-11-15,29.450001,29.450001
ibb,S22,30.276879,11,2001-11-28,30.700001,30.733334
ibb,S22,30.276879,12,2001-12-14,29.6,30.0
ibb,S22,30.276879,13,2002-01-07,28.983334,28.983334
ibb,S22,30.276879,14,2008-07-31,29.133333,29.633333
ibb,S22,30.276879,15,2008-08-07,28.453333,28.566668
ibb,S22,30.276879,16,2008-08-18,29.426666,29.629999
ibb,S22,30.276879,17,2010-03-08,29.563334,29.610001
ibb,S22,30.276879,18,2010-10-19,29.196667,29.379999
ibb,S22,30.276879,19,2010-10-21,29.1,29.363333
ibb,S22,30.276879,20,2010-10-25,29.563334,29.58
ibb,S22,30.276879,21,2010-11-05,29.373333,29.536667
ibb,S22,30.276879,22,2010-11-22,29.360001,29.65
ibb,S22,30.276879,23,2010-11-26,29.526667,29.673332
ibb,S22,30.276879,24,2010-12-02,29.42,29.643333
ibb,S22,30.276879,25,2011-02-10,30.783333,31.306667
ibb,S22,30.276879,26,2011-02-24,30.639999,30.889999
ibb,S22,30.276879,27,2011-08-05,29.209999,30.116667
ibb,S22,30.276879,28,2011-08-09,27.986668,29.940001
ibb,S22,30.276879,29,2011-08-22,29.236668,29.370001
ibb,S22,30.276879,30,2011-09-02,30.836666,30.950001
ibb,S22,30.276879,31,2011-09-12,30.823334,31.543333
ibb,S22,30.276879,32,2011-09-29,30.603333,31.370001
ibb,S22,30.276879,33,2011-10-03,29.673332,29.706667
ibb,S22,30.276879,34,2011-11-10,30.806667,31.166668
ibb,S22,30.276879,35,2011-11-18,30.716667,30.776667
ibb,S23,28.571349,1,2001-03-12,26.333332,26.333332
ibb,S23,28.571349,2,2001-04-23,27.833332,27.983334
ibb,S23,28.571349,3,2001-04-25,26.733334,27.85
ibb,S23,28.571349,4,2001-05-04,28.366667,30.4
ibb,S23,28.571349,5,2001-05-16,28.916668,30.883333
ibb,S23,28.571349,6,2001-08-08,27.383333,27.466667
ibb,S23,28.571349,7,2001-08-15,27.516666,27.583332
ibb,S23,28.571349,8,2001-08-22,27.049999,28.113333
ibb,S23,28.571349,9,2001-08-31,29.1,29.266666
ibb,S23,28.571349,10,2001-09-10,27.5,27.75
ibb,S23,28.571349,11,2001-10-17,27.0,27.033333
ibb,S23,28.571349,12,2001-10-23,28.200001,28.200001
ibb,S23,28.571349,13,2001-10-30,27.833332,28.4
ibb,S23,28.571349,14,2001-11-09,28.066668,28.5
ibb,S23,28.571349,15,2002-01-09,28.666668,28.75
ibb,S23,28.571349,16,2002-01-16,27.703333,27.703333
ibb,S23,28.571349,17,2004-04-26,27.706667,28.066668
ibb,S23,28.571349,18,2006-03-06,27.66,27.816668
ibb,S23,28.571349,19,2007-09-27,27.743334,27.823334
ibb,S23,28.571349,20,2007-11-08,27.486668,27.866667
ibb,S23,28.571349,21,2007-11-14,27.5,27.523333
ibb,S23,28.571349,22,2007-12-03,27.813334,27.916668
ibb,S23,28.571349,23,2007-12-11,27.566668,27.566668
ibb,S23,28.571349,24,2008-07-21,27.726667,27.75
ibb,S23,28.571349,25,2008-08-04,28.940001,29.153334
ibb,S23,28.571349,26,2008-08-07,28.453333,28.566668
ibb,S23,28.571349,27,2008-09-04,27.853333,27.936666
ibb,S23,28.571349,28,2008-09-08,27.370001,27.606667
ibb,S23,28.571349,29,2008-09-12,27.756666,27.966667
ibb,S23,28.571349,30,2008-09-16,27.15,28.113333
ibb,S23,28.571349,31,2008-09-22,27.046667,27.166668
ibb,S23,28.571349,32,2008-09-25,27.23,27.57
ibb,S23,28.571349,33,2010-01-25,27.553333,27.593332
ibb,S23,28.571349,34,2010-01-28,27.57,27.73
ibb,S23,28.571349,35,2010-02-04,27.283333,27.433332
ibb,S23,28.571349,36,2010-02-23,27.973333,28.073334
ibb,S23,28.571349,37,2010-03-04,29.106667,29.25
ibb,S23,28.571349,38,2010-05-07,27.17,27.516666
ibb,S23,28.571349,39,2010-08-05,27.756666,27.860001
ibb,S23,28.571349,40,2010-09-10,27.950001,28.206667
ibb,S23,28.571349,41,2010-10-21,29.1,29.363333
ibb,S23,28.571349,42,2010-11-16,28.833332,28.936666
ibb,S23,28.571349,43,2010-11-30,29.049999,29.133333
ibb,S23,28.571349,44,2011-08-08,28.013332,28.256666
ibb,S23,28.571349,45,2011-08-19,29.066668,29.5
ibb,S24,26.347986,1,2001-03-20,25.067707,25.067707
ibb,S24,26.347986,2,2001-03-29,24.765625,25.005207
ibb,S24,26.347986,3,2001-04-11,25.583332,25.733334
ibb,S24,26.347986,4,2001-04-24,26.683332,26.683332
ibb,S24,26.347986,5,2001-08-09,26.633333,27.299999
ibb,S24,26.347986,6,2001-08-20,26.733334,27.066668
ibb,S24,26.347986,7,2001-10-04,25.633333,25.666668
ibb,S24,26.347986,8,2001-10-10,25.366667,26.533333
ibb,S24,26.347986,9,2001-10-18,26.700001,27.266666
ibb,S24,26.347986,10,2002-01-18,26.4,26.633333
ibb,S24,26.347986,11,2002-02-04,24.833332,24.983334
ibb,S24,26.347986,12,2002-02-15,25.25,25.633333
ibb,S24,26.347986,13,2002-02-21,24.833332,24.966667
ibb,S24,26.347986,14,2002-02-27,25.193333,25.193333
ibb,S24,26.347986,15,2002-03-05,25.333332,25.366667
ibb,S24,26.347986,16,2002-03-20,26.633333,26.666668
ibb,S24,26.347986,17,2002-04-02,25.333332,25.333332
ibb,S24,26.347986,18,2003-09-24,24.846666,24.870001
ibb,S24,26.347986,19,2004-02-04,25.516666,25.516666
ibb,S24,26.347986,20,2004-02-23,25.266666,25.266666
ibb,S24,26.347986,21,2004-03-11,25.183332,25.183332
ibb,S24,26.347986,22,2004-03-31,25.6,25.763332
ibb,S24,26.347986,23,2004-05-07,25.4,25.466667
ibb,S24,26.347986,24,2005-07-21,25.426666,25.723333
ibb,S24,26.347986,25,2005-08-04,25.466667,25.526667
ibb,S24,26.347986,26,2005-09-21,25.33,25.483334
ibb,S24,26.347986,27,2005-10-05,25.146667,25.16
ibb,S24,26.347986,28,2005-11-29,25.476667,25.559999
ibb,S24,26.347986,29,2005-12-01,25.553333,25.733334
ibb,S24,26.347986,30,2005-12-06,25.549999,25.553333
ibb,S24,26.347986,31,2005-12-14,25.483334,25.58
ibb,S24,26.347986,32,2005-12-30,25.586666,25.746668
ibb,S24,26.347986,33,2006-01-23,25.943333,26.356667
ibb,S24,26.347986,34,2006-02-13,26.163334,26.343332
ibb,S24,26.347986,35,2006-04-11,25.393333,25.57
ibb,S24,26.347986,36,2006-05-01,25.553333,25.553333
ibb,S24,26.347986,37,2006-05-09,25.673332,25.733334
ibb,S24,26.347986,38,2006-10-13,25.663334,25.856667
ibb,S24,26.347986,39,2006-11-28,26.283333,26.526667
ibb,S24,26.347986,40,2007-01-03,25.456667,25.879999
ibb,S24,26.347986,41,2007-02-27,25.603333,25.700001
ibb,S24,26.347986,42,2007-04-04,25.663334,25.799999
ibb,S24,26.347986,43,2007-05-10,26.486668,26.5
ibb,S24,26.347986,44,2007-05-24,26.646667,26.76
ibb,S24,26.347986,45,2007-06-07,26.190001,26.273333
ibb,S24,26.347986,46,2007-07-31,25.41,25.43
ibb,S24,26.347986,47,2007-08-15,25.533333,25.666668
ibb,S24,26.347986,48,2007-08-28,25.583332,25.583332
ibb,S24,26.347986,49,2007-09-10,26.506666,26.68
ibb,S24,26.347986,50,2007-09-17,26.690001,26.776667
ibb,S24,26.347986,51,2007-11-26,26.256666,26.4
ibb,S24,26.347986,52,2007-12-17,26.833332,26.866667
ibb,S24,26.347986,53,2008-01-02,26.82,26.923332
ibb,S24,26.347986,54,2008-01-04,26.636667,26.646667
ibb,S24,26.347986,55,2008-01-10,26.530001,27.75
ibb,S24,26.347986,56,2008-01-25,25.573334,25.666668
ibb,S24,26.347986,57,2008-02-28,25.433332,25.736668
ibb,S24,26.347986,58,2008-04-09,25.393333,25.469999
ibb,S24,26.347986,59,2008-05-21,25.453333,25.513332
ibb,S24,26.347986,60,2008-06-11,25.226667,25.226667
ibb,S24,26.347986,61,2008-06-18,25.536667,25.573334
ibb,S24,26.347986,62,2008-06-25,25.466667,26.0
ibb,S24,26.347986,63,2008-06-30,25.57,25.613333
ibb,S24,26.347986,64,2008-09-17,26.523333,26.683332
ibb,S24,26.347986,65,2008-09-23,26.803333,26.823334
ibb,S24,26.347986,66,2008-10-03,25.616667,25.633333
ibb,S24,26.347986,67,2009-08-06,25.459999,25.516666
ibb,S24,26.347986,68,2009-08-13,25.556667,25.716667
ibb,S24,26.347986,69,2009-08-20,25.536667,25.726667
ibb,S24,26.347986,70,2009-09-25,26.816668,26.92
ibb,S24,26.347986,71,2009-10-26,25.113333,25.25
ibb,S24,26.347986,72,2009-11-06,25.403334,25.816668
ibb,S24,26.347986,73,2010-02-05,26.693333,27.360001
ibb,S24,26.347986,74,2010-05-06,23.333332,28.766666
ibb,S24,26.347986,75,2010-05-26,26.41,26.5
ibb,S24,26.347986,76,2010-06-09,25.876667,25.976667
ibb,S24,26.347986,77,2010-06-24,26.766666,26.870001
ibb,S24,26.347986,78,2010-06-30,25.790001,25.84
ibb,S24,26.347986,79,2010-07-06,25.066668,25.23
ibb,S24,26.347986,80,2010-07-16,25.803333,25.84
ibb,S24,26.347986,81,2010-07-29,26.253332,26.559999
ibb,S24,26.347986,82,2010-08-12,26.733334,27.43
ibb,S24,26.347986,83,2010-08-31,26.106667,26.193333
ibb,S25,24.687535,1,2001-03-21,22.932293,23.083332
ibb,S25,24.687535,2,2001-04-02,23.817707,23.833332
ibb,S25,24.687535,3,2001-04-06,23.635418,24.067707
ibb,S25,24.687535,4,2001-09-19,22.700001,23.833332
ibb,S25,24.687535,5,2001-09-27,23.166668,24.533333
ibb,S25,24.687535,6,2001-10-08,25.016666,25.233334
ibb,S25,24.687535,7,2002-01-30,24.799999,25.866667
ibb,S25,24.687535,8,2002-02-07,23.716667,24.083332
ibb,S25,24.687535,9,2002-02-19,24.733334,24.9
ibb,S25,24.687535,10,2002-02-28,24.743334,24.816668
ibb,S25,24.687535,11,2002-04-05,23.766666,23.85
ibb,S25,24.687535,12,2002-04-11,23.633333,23.683332
ibb,S25,24.687535,13,2002-04-17,24.083332,24.133333
ibb,S25,24.687535,14,2003-06-09,23.366667,23.433332
ibb,S25,24.687535,15,2003-06-18,23.566668,23.700001
ibb,S25,24.687535,16,2003-07-17,23.360001,23.4
ibb,S25,24.687535,17,2003-07-24,23.5,23.523333
ibb,S25,24.687535,18,2003-08-01,23.726667,23.766666
ibb,S25,24.687535,19,2003-08-22,23.700001,23.733334
ibb,S25,24.687535,20,2003-08-28,23.793333,24.466667
ibb,S25,24.687535,21,2003-09-26,23.576668,23.576668
ibb,S25,24.687535,22,2003-10-17,23.683332,23.863333
ibb,S25,24.687535,23,2003-10-21,23.413334,24.273333
ibb,S25,24.687535,24,2003-12-31,23.983334,23.983334
ibb,S25,24.687535,25,2004-02-24,25.0,25.233334
ibb,S25,24.687535,26,2004-03-16,24.503332,24.843332
ibb,S25,24.687535,27,2004-03-23,24.286667,24.366667
ibb,S25,24.687535,28,2004-05-10,24.57,24.799999
ibb,S25,24.687535,29,2004-05-20,24.25,24.299999
ibb,S25,24.687535,30,2004-06-10,23.733334,24.033333
ibb,S25,24.687535,31,2004-06-21,24.0,24.063334
ibb,S25,24.687535,32,2004-07-08,23.553333,23.633333
ibb,S25,24.687535,33,2004-12-07,23.666668,23.683332
ibb,S25,24.687535,34,2004-12-10,24.166668,24.286667
ibb,S25,24.687535,35,2005-01-05,23.913334,23.916668
ibb,S25,24.687535,36,2005-01-20,23.870001,23.883333
ibb,S25,24.687535,37,2005-02-08,24.026667,24.116667
ibb,S25,24.687535,38,2005-07-13,23.916668,24.026667
ibb,S25,24.687535,39,2005-07-25,25.036667,25.083332
ibb,S25,24.687535,40,2005-08-08,24.623333,24.656668
ibb,S25,24.687535,41,2005-09-22,25.166668,25.5
ibb,S25,24.687535,42,2005-10-11,23.99,24.033333
ibb,S25,24.687535,43,2005-10-20,23.933332,24.023333
ibb,S25,24.687535,44,2005-11-10,25.15,25.816668
ibb,S25,24.687535,45,2005-12-19,25.086666,25.153334
ibb,S25,24.687535,46,2006-05-03,25.143333,25.356667
ibb,S25,24.687535,47,2006-05-18,23.709999,23.826668
ibb,S25,24.687535,48,2006-05-30,24.110001,24.120001
ibb,S25,24.687535,49,2006-07-10,23.780001,23.876667
ibb,S25,24.687535,50,2006-09-06,24.040001,24.040001
ibb,S25,24.687535,51,2006-09-22,23.833332,23.950001
ibb,S25,24.687535,52,2007-03-16,24.313334,24.326668
ibb,S25,24.687535,53,2007-04-03,25.166668,25.646667
ibb,S25,24.687535,54,2007-08-01,25.040001,25.296667
ibb,S25,24.687535,55,2007-08-16,24.933332,25.450001
ibb,S25,24.687535,56,2008-01-23,24.953333,26.136667
ibb,S25,24.687535,57,2008-02-22,24.766666,25.046667
ibb,S25,24.687535,58,2008-02-29,25.153334,25.413334
ibb,S25,24.687535,59,2008-03-10,23.206667,23.266666
ibb,S25,24.687535,60,2008-03-14,23.406668,23.969999
ibb,S25,24.687535,61,2008-03-19,23.843332,23.9
ibb,S25,24.687535,62,2008-03-28,24.786667,24.843332
ibb,S25,24.687535,63,2008-10-07,23.373333,23.373333
ibb,S25,24.687535,64,2008-11-05,23.423332,23.49
ibb,S25,24.687535,65,2009-01-06,23.626667,23.693333
ibb,S25,24.687535,66,2009-02-17,23.746668,24.049999
ibb,S25,24.687535,67,2009-07-01,24.033333,24.096666
ibb,S25,24.687535,68,2009-07-20,24.0,24.186666
ibb,S25,24.687535,69,2009-08-17,24.926666,25.063334
ibb,S25,24.687535,70,2009-10-28,24.333332,24.436666
ibb,S25,24.687535,71,2010-05-06,23.333332,28.766666
ibb,S25,24.687535,72,2010-07-01,24.833332,25.353333
ibb,S25,24.687535,73,2010-07-06,25.066668,25.23
ibb,S26,22.640476,1,2001-03-22,20.333332,22.635418
ibb,S26,22.640476,2,2001-04-03,22.416668,22.53125
ibb,S26,22.640476,3,2001-09-21,22.666668,23.0
ibb,S26,22.640476,4,2002-04-26,21.533333,21.616667
ibb,S26,22.640476,5,2003-05-29,21.976667,22.09
ibb,S26,22.640476,6,2003-06-23,21.716667,21.733334
ibb,S26,22.640476,7,2003-08-06,21.57,21.716667
ibb,S26,22.640476,8,2003-10-20,23.083332,23.33
ibb,S26,22.640476,9,2003-10-23,22.766666,23.41
ibb,S26,22.640476,10,2003-11-11,22.083332,22.266666
ibb,S26,22.640476,11,2003-11-18,21.9,21.92
ibb,S26,22.640476,12,2003-12-04,23.086666,23.466667
ibb,S26,22.640476,13,2003-12-10,22.4,22.633333
ibb,S26,22.640476,14,2004-07-23,21.833332,21.956667
ibb,S26,22.640476,15,2004-08-03,21.959999,21.959999
ibb,S26,22.640476,16,2004-08-19,22.033333,22.200001
ibb,S26,22.640476,17,2004-09-27,22.833332,22.870001
ibb,S26,22.640476,18,2004-10-22,21.953333,21.993334
ibb,S26,22.640476,19,2004-11-02,22.25,22.366667
ibb,S26,22.640476,20,2004-11-23,23.003332,23.236668
ibb,S26,22.640476,21,2005-02-10,23.033333,23.333332
ibb,S26,22.640476,22,2005-02-22,23.016666,23.1
ibb,S26,22.640476,23,2005-03-08,22.030001,22.036667
ibb,S26,22.640476,24,2005-03-15,21.809999,21.816668
ibb,S26,22.640476,25,2005-06-03,21.606667,21.85
ibb,S26,22.640476,26,2005-06-27,22.306667,22.383333
ibb,S26,22.640476,27,2006-05-24,23.09,23.703333
ibb,S26,22.640476,28,2006-06-21,23.049999,23.469999
ibb,S26,22.640476,29,2006-06-28,22.926666,23.233334
ibb,S26,22.640476,30,2006-07-18,22.396667,22.646667
ibb,S26,22.640476,31,2006-08-14,22.92,22.92
ibb,S26,22.640476,32,2008-10-06,23.049999,24.33
ibb,S26,22.640476,33,2008-10-09,21.856667,22.133333
ibb,S26,22.640476,34,2008-10-13,22.206667,23.866667
ibb,S26,22.640476,35,2008-10-16,20.916668,22.376667
ibb,S26,22.640476,36,2008-10-24,21.043333,21.976667
ibb,S26,22.640476,37,2008-10-29,21.706667,22.626667
ibb,S26,22.640476,38,2008-11-06,22.833332,22.84
ibb,S26,22.640476,39,2008-11-19,21.27,21.293333
ibb,S26,22.640476,40,2008-12-11,21.566668,21.566668
ibb,S26,22.640476,41,2008-12-29,22.543333,22.709999
ibb,S26,22.640476,42,2009-01-12,22.666668,22.886667
ibb,S26,22.640476,43,2009-01-20,22.623333,22.663334
ibb,S26,22.640476,44,2009-02-26,21.866667,21.879999
ibb,S26,22.640476,45,2009-03-18,21.653334,21.889999
ibb,S26,22.640476,46,2009-03-24,21.813334,21.879999
ibb,S26,22.640476,47,2009-04-30,21.736668,21.83
ibb,S26,22.640476,48,2009-05-11,21.643333,22.053333
ibb,S26,22.640476,49,2009-05-20,22.003332,22.123333
ibb,S26,22.640476,50,2009-05-27,22.136667,22.153334
ibb,S26,22.640476,51,2009-06-10,22.856667,23.136667
ibb,S26,22.640476,52,2009-06-16,22.776667,22.846666
ibb,S26,22.640476,53,2009-06-23,23.066668,23.196667
ibb,S26,22.640476,54,2009-07-07,23.086666,23.1
ibb,S26,22.640476,55,2009-07-10,23.01,23.15
ibb,S27,21.013691,1,2001-03-22,20.333332,22.635418
ibb,S27,21.013691,2,2002-05-03,20.033333,20.583332
ibb,S27,21.013691,3,2002-05-09,19.833332,19.833332
ibb,S27,21.013691,4,2002-05-20,20.083332,20.116667
ibb,S27,21.013691,5,2002-05-24,20.003332,20.083332
ibb,S27,21.013691,6,2003-05-19,20.066668,20.166668
ibb,S27,21.013691,7,2003-05-22,20.023333,20.716667
ibb,S27,21.013691,8,2004-07-26,21.25,21.450001
ibb,S27,21.013691,9,2004-08-09,20.406668,20.416668
ibb,S27,21.013691,10,2004-08-18,21.433332,22.309999
ibb,S27,21.013691,11,2005-04-01,20.906668,21.0
ibb,S27,21.013691,12,2005-04-18,21.323334,21.450001
ibb,S27,21.013691,13,2005-04-20,21.366667,21.366667
ibb,S27,21.013691,14,2005-04-28,20.976667,21.0
ibb,S27,21.013691,15,2005-06-08,21.426666,21.459999
ibb,S27,21.013691,16,2008-10-10,19.610001,21.723333
ibb,S27,21.013691,17,2008-10-16,20.916668,22.376667
ibb,S27,21.013691,18,2008-10-27,20.73,20.793333
ibb,S27,21.013691,19,2008-11-20,20.016666,20.213333
ibb,S27,21.013691,20,2008-12-01,20.263332,20.303333
ibb,S27,21.013691,21,2008-12-12,21.133333,22.256666
ibb,S27,21.013691,22,2009-03-02,20.036667,20.049999
ibb,S27,21.013691,23,2009-03-04,20.203333,20.58
ibb,S27,21.013691,24,2009-03-11,20.016666,20.076668
ibb,S27,21.013691,25,2009-03-20,21.266666,21.276667
ibb,S27,21.013691,26,2009-04-01,21.223333,21.65
ibb,S27,21.013691,27,2009-04-07,21.286667,21.35
ibb,S27,21.013691,28,2009-04-15,21.223333,21.453333
ibb,S27,21.013691,29,2009-04-20,21.036667,21.036667
ibb,S27,21.013691,30,2009-05-06,21.223333,21.443333
ibb,S28,19.046194,1,2002-05-07,19.0,19.133333
ibb,S28,19.046194,2,2002-05-10,18.936666,19.166668
ibb,S28,19.046194,3,2002-05-22,19.293333,19.666668
ibb,S28,19.046194,4,2002-06-03,18.083332,18.25
ibb,S28,19.046194,5,2002-11-21,18.183332,18.666668
ibb,S28,19.046194,6,2002-12-02,18.266666,18.5
ibb,S28,19.046194,7,2003-04-25,18.549999,18.549999
ibb,S28,19.046194,8,2003-05-08,19.049999,19.1
ibb,S28,19.046194,9,2008-11-21,19.046667,20.266666
ibb,S29,17.191538,1,2002-06-11,16.016666,16.086666
ibb,S29,17.191538,2,2002-06-14,15.55,16.83
ibb,S29,17.191538,3,2002-06-25,16.1,16.200001
ibb,S29,17.191538,4,2002-06-28,16.799999,17.0
ibb,S29,17.191538,5,2002-08-01,16.450001,16.516666
ibb,S29,17.191538,6,2002-08-07,16.123333,16.65
ibb,S29,17.191538,7,2002-08-27,16.700001,16.700001
ibb,S29,17.191538,8,2002-10-24,16.42,16.450001
ibb,S29,17.191538,9,2002-11-11,16.940001,16.966667
ibb,S29,17.191538,10,2002-11-19,17.299999,17.376667
ibb,S29,17.191538,11,2002-12-10,17.4,17.466667
ibb,S29,17.191538,12,2002-12-27,16.74,16.746668
ibb,S29,17.191538,13,2002-12-31,16.366667,16.450001
ibb,S29,17.191538,14,2003-01-24,16.700001,16.766666
ibb,S29,17.191538,15,2003-03-17,16.136667,16.866667
ibb,S29,17.191538,16,2003-04-11,16.666668,16.75
ibb,S30,16.185179,1,2002-06-07,16.416668,17.133333
ibb,S30,16.185179,2,2002-06-13,15.933333,15.933333
ibb,S30,16.185179,3,2002-06-25,16.1,16.200001
ibb,S30,16.185179,4,2002-07-18,15.183333,15.183333
ibb,S30,16.185179,5,2002-07-25,15.34,15.783333
ibb,S30,16.185179,6,2002-07-29,15.866667,16.383333
ibb,S30,16.185179,7,2002-08-05,15.533333,15.536667
ibb,S30,16.185179,8,2002-09-03,15.39,15.45
ibb,S30,16.185179,9,2002-09-19,15.266667,15.266667
ibb,S30,16.185179,10,2002-09-27,15.266667,15.28
ibb,S30,16.185179,11,2002-10-03,15.616667,15.673333
ibb,S30,16.185179,12,2002-10-11,15.583333,15.666667
ibb,S30,16.185179,13,2002-10-16,16.366667,16.636667
ibb,S30,16.185179,14,2002-10-24,16.42,16.450001
ibb,S30,16.185179,15,2002-12-31,16.366667,16.450001
ibb,S30,16.185179,16,2003-01-08,16.5,16.5
ibb,S30,16.185179,17,2003-02-03,16.08,16.083332
ibb,S30,16.185179,18,2003-02-05,15.633333,15.7
ibb,S30,16.185179,19,2003-02-12,15.753333,15.766667
ibb,S30,16.185179,20,2003-02-24,15.623333,15.64
ibb,S30,16.185179,21,2003-02-26,15.563333,15.563333
ibb,S30,16.185179,22,2003-03-14,16.253332,16.326668
ibb,S31,14.921723,1,2002-07-09,14.306667,14.333333
ibb,S31,14.921723,2,2002-07-16,14.383333,14.783333
ibb,S31,14.921723,3,2002-07-23,14.343333,14.343333
ibb,S31,14.921723,4,2002-07-26,15.15,15.666667
ibb,S31,14.921723,5,2002-09-23,14.403333,14.583333
ibb,S31,14.921723,6,2002-09-30,14.906667,15.416667
ibb,S31,14.921723,7,2002-10-09,14.8,14.866667
